Date,Close,TARGET,Predict_buy,Predict_buy_prob
1989-10-27,19.65,1,1,0.5001256128604517
1989-11-03,19.99,1,0,0.18717935172973818
1989-11-10,19.89,1,0,0.47968699237623486
1989-11-17,19.74,1,1,0.7284981715048306
1989-11-24,20.02,0,1,0.5795986223583487
1989-12-01,19.7,0,1,0.7539997740889836
1989-12-08,20.36,0,1,0.5092603818164227
1989-12-15,20.81,0,0,0.32465123307600807
1989-12-22,21.76,0,0,0.15222525063832607
1989-12-29,21.78,0,0,0.09327570306854656
1990-01-05,23.29,0,0,0.20023631869873618
1990-01-12,22.62,0,0,0.12127656308336544
1990-01-19,22.71,0,0,0.08162183682470772
1990-01-26,23.08,0,0,0.07594450282738996
1990-02-02,22.7,0,0,0.09313117294159214
1990-02-09,22.23,0,0,0.06729732303510079
1990-02-16,22.27,0,0,0.20114245544415119
1990-02-23,21.81,0,0,0.3990609883033037
1990-03-02,21.51,0,1,0.680059372648437
1990-03-09,21.01,0,1,0.8196457391706677
1990-03-16,20.19,0,0,0.49461509417697397
1990-03-23,19.73,0,1,0.5051442228036427
1990-03-30,20.26,0,1,0.6020172868009018
1990-04-06,19.83,0,1,0.5335645521796395
1990-04-13,17.96,0,1,0.6125007708115603
1990-04-20,17.6,0,1,0.7613284684317085
1990-04-27,18.2,0,1,0.7893859648350774
1990-05-04,18.37,0,1,0.8400843408875446
1990-05-11,18.71,1,1,0.7934581332966583
1990-05-18,19.19,1,1,0.7473134033907469
1990-05-25,16.83,1,1,0.7861983731018214
1990-06-01,17.72,1,1,0.702582930831427
1990-06-08,16.77,1,1,0.9064221729641988
1990-06-15,17.11,1,1,0.8735474550403333
1990-06-22,15.9,1,1,0.8934413904516311
1990-06-29,16.84,1,1,0.9128951277924414
1990-07-06,16.68,1,1,0.901563181731406
1990-07-13,17.64,1,1,0.8207724984553859
1990-07-20,18.83,0,0,0.46277752265284106
1990-07-27,19.89,0,0,0.38004916090284346
1990-08-03,21.98,0,0,0.06893154060100652
1990-08-10,27.32,0,0,0.07429494000579907
1990-08-17,27.27,0,0,0.04419643974853793
1990-08-24,30.08,0,0,0.07881488928851069
1990-08-31,27.13,0,0,0.10362247661971292
1990-09-07,29.67,0,0,0.015105972257036152
1990-09-14,30.99,0,0,0.013783602760058652
1990-09-21,34.21,0,0,0.011570112956740201
1990-09-28,39.16,0,0,0.007709383839696552
1990-10-05,36.64,0,0,0.01664228594559173
1990-10-12,39.88,0,0,0.0031976380973902387
1990-10-19,36.84,0,0,0.014324587064615773
1990-10-26,31.32,0,0,0.07141122407851917
1990-11-02,34.95,0,0,0.024917268873737818
1990-11-09,33.89,0,0,0.16461855031333433
1990-11-16,31.5,0,0,0.3521138343388721
1990-11-23,30.69,0,1,0.6339941432433315
1990-11-30,32.32,0,1,0.7143936988855797
1990-12-07,27.72,0,0,0.2885456467640965
1990-12-14,26.39,0,0,0.30488713953926855
1990-12-21,27.56,0,0,0.3936952292557821
1990-12-28,27.21,0,0,0.24078997358060036
1991-01-04,26.38,0,0,0.3376025303805329
1991-01-11,27.55,0,1,0.672939608980549
1991-01-18,26.85,0,1,0.6022884980397248
1991-01-25,24.08,0,1,0.6617894936974961
1991-02-01,21.41,0,1,0.6878468338338525
1991-02-08,21.3,1,1,0.6786879914294401
1991-02-15,22.12,1,1,0.8543449167984271
1991-02-22,19.38,1,1,0.8037208057898114
1991-03-01,18.73,1,1,0.8395834539267885
1991-03-08,19.86,1,1,0.8930392328584671
1991-03-15,19.89,1,1,0.9164894256538877
1991-03-22,20.3,1,1,0.8815284383527737
1991-03-29,19.58,1,1,0.9213761020294408
1991-04-05,19.63,0,1,0.8446567877262123
1991-04-12,20.89,0,1,0.6349725489426425
1991-04-19,21.48,0,0,0.3061068639762114
1991-04-26,21.19,0,0,0.09701636585347648
1991-05-03,21.23,0,0,0.22493230735423042
1991-05-10,21.69,0,0,0.20566033367430775
1991-05-17,20.95,0,0,0.19082709461908118
1991-05-24,21.04,0,0,0.20640618525041618
1991-05-31,21.21,0,0,0.2959508670548047
1991-06-07,20.63,0,1,0.5862956800588018
1991-06-14,19.84,1,1,0.8126992159927218
1991-06-21,20.08,1,1,0.8860206239244027
1991-06-28,20.21,1,1,0.9230694636946124
1991-07-05,20.8,1,1,0.9223295885320901
1991-07-12,21.43,1,1,0.7752979842625896
1991-07-19,21.91,1,0,0.4244544698376998
1991-07-26,21.4,0,0,0.41542246104212205
1991-08-02,21.46,0,0,0.07550969638971586
1991-08-09,21.5,0,0,0.044335259459884854
1991-08-16,21.44,0,0,0.03048334845842909
1991-08-23,21.99,0,0,0.03325617576696889
1991-08-30,21.98,0,0,0.05835313967957811
1991-09-06,21.84,0,0,0.057663268106500534
1991-09-13,21.54,0,0,0.08729974432972862
1991-09-20,21.85,0,0,0.049902339401292115
1991-09-27,22.24,0,0,0.06049297831117917
1991-10-04,22.41,0,0,0.03989242558332728
1991-10-11,23.08,0,0,0.07190329199228859
1991-10-18,23.82,0,0,0.10049388326864048
1991-10-25,23.46,0,0,0.17248116428856528
1991-11-01,23.32,0,0,0.07295281316079853
1991-11-08,23.47,0,0,0.04766461803150707
1991-11-15,22.57,0,0,0.07639372234116022
1991-11-22,22.04,0,0,0.0785037816506527
1991-11-29,21.49,0,0,0.09557537768092246
1991-12-06,20.55,0,0,0.2893872816718752
1991-12-13,19.64,0,1,0.6322589427685497
1991-12-20,19.2,0,1,0.6701962124126256
1991-12-27,18.68,0,1,0.6431108382579969
1992-01-03,19.11,0,1,0.8517779782718067
1992-01-10,18.41,1,1,0.872062397230049
1992-01-17,18.81,1,1,0.8692041543291356
1992-01-24,18.66,1,1,0.8273806830339798
1992-01-31,19.05,1,1,0.9203021926224653
1992-02-07,19.42,1,1,0.8033055225840339
1992-02-14,19.49,1,1,0.6743978979090288
1992-02-21,18.62,1,1,0.7686356265271501
1992-02-28,18.51,1,1,0.7585678768100622
1992-03-06,18.55,1,1,0.7536819762188458
1992-03-13,18.76,0,1,0.7550446407633434
1992-03-20,19.1,0,0,0.47222739855241513
1992-03-27,19.09,0,1,0.6891195427282321
1992-04-03,19.73,0,0,0.382194194796297
1992-04-10,20.43,0,0,0.3163044036028623
1992-04-17,20.06,0,0,0.252229628241674
1992-04-24,20.06,0,0,0.273482615796885
1992-05-01,20.63,0,0,0.19575246150671657
1992-05-08,20.86,0,0,0.3158126373931676
1992-05-15,20.8,0,0,0.3694181677295207
1992-05-22,20.49,0,0,0.3657238066912961
1992-05-29,21.98,0,0,0.2569565011298272
1992-06-05,22.38,0,0,0.19281260037584633
1992-06-12,22.35,0,0,0.14947317081649852
1992-06-19,22.26,0,0,0.1293681325672678
1992-06-26,22.68,0,0,0.09240506859442287
1992-07-03,22.03,0,0,0.21346251068992375
1992-07-10,21.48,0,0,0.4730917111173164
1992-07-17,21.58,0,1,0.5255722885756765
1992-07-24,21.95,0,0,0.26454766426129067
1992-07-31,21.95,0,0,0.2785104315054191
1992-08-07,21.34,1,0,0.40606254639927924
1992-08-14,21.18,1,0,0.4232433397694898
1992-08-21,21.39,1,0,0.3973058830246754
1992-08-28,21.43,0,0,0.3765080762722677
1992-09-04,21.66,0,0,0.27067999311530155
1992-09-11,21.94,0,0,0.11894558032829679
1992-09-18,22.21,0,0,0.039945985403268956
1992-09-25,21.71,0,0,0.1847318522815053
1992-10-02,21.81,0,0,0.04183336727591202
1992-10-09,21.9,0,0,0.01964013435231319
1992-10-16,22.25,0,0,0.013755763940694273
1992-10-23,21.58,0,0,0.15767741430165438
1992-10-30,20.95,0,0,0.34097397363727766
1992-11-06,20.52,0,0,0.3037838937587833
1992-11-13,20.37,0,1,0.5444197963479042
1992-11-20,20.35,0,1,0.5686417058088028
1992-11-27,20.16,0,1,0.6137064861441154
1992-12-04,19.38,0,1,0.5843486849361423
1992-12-11,19.01,1,1,0.7057434107869789
1992-12-18,19.38,1,1,0.7957856638154762
1992-12-25,19.91,1,1,0.925883350930735
1993-01-01,19.63,1,1,0.933210711650394
1993-01-08,19.0,1,1,0.9290864476718258
1993-01-15,18.62,1,1,0.915255028783979
1993-01-22,18.61,0,1,0.910185568193165
1993-01-29,19.9,0,1,0.7232007659526953
1993-02-05,20.22,0,0,0.46466991514926004
1993-02-12,20.13,0,1,0.5125604675867158
1993-02-19,19.51,0,0,0.21573472279757414
1993-02-26,20.4,0,0,0.14340723274671388
1993-03-05,20.69,0,0,0.2013195540208084
1993-03-12,20.45,0,0,0.08262543556470488
1993-03-19,20.14,0,0,0.07870874239495936
1993-03-26,20.0,0,0,0.1824471735476221
1993-04-02,20.44,0,0,0.22351433878783494
1993-04-09,20.37,0,0,0.3414828969115094
1993-04-16,20.28,0,0,0.12152296203044241
1993-04-23,19.95,0,0,0.3731283510575329
1993-04-30,20.3,0,0,0.2694094893774965
1993-05-07,20.47,0,0,0.41125041156591663
1993-05-14,20.06,0,0,0.42257129303177077
1993-05-21,19.43,0,0,0.3993035654585287
1993-05-28,19.84,0,1,0.5591604447871337
1993-06-04,19.95,0,0,0.4993176848063822
1993-06-11,19.43,0,0,0.4818946353239856
1993-06-18,18.76,0,1,0.631180688088786
1993-06-25,18.52,0,1,0.6020856573383168
1993-07-02,18.61,0,1,0.6498917566352919
1993-07-09,18.02,0,1,0.6058903194027249
1993-07-16,17.72,0,1,0.6900896785861683
1993-07-23,17.54,1,1,0.6872088499944463
1993-07-30,18.18,1,1,0.619814254056665
1993-08-06,17.67,1,1,0.6787528712182194
1993-08-13,17.87,1,1,0.6518166375431248
1993-08-20,17.84,1,1,0.7669242745077326
1993-08-27,18.49,1,1,0.6634938159035533
1993-09-03,18.1,1,0,0.4737207729014841
1993-09-10,16.96,0,1,0.8219838750380407
1993-09-17,16.94,0,1,0.8633125466230366
1993-09-24,17.67,0,1,0.6809594802971948
1993-10-01,18.33,0,0,0.3604778026333266
1993-10-08,18.46,0,0,0.3704597920317172
1993-10-15,18.57,0,0,0.0953355234961015
1993-10-22,18.12,0,0,0.14939031871032615
1993-10-29,17.37,0,0,0.3527832704897577
1993-11-05,17.29,0,0,0.40869471131611085
1993-11-12,16.71,0,1,0.5852393134328344
1993-11-19,16.75,0,1,0.6448572408359339
1993-11-26,16.08,0,1,0.840957063833023
1993-12-03,15.21,0,1,0.8222413339025127
1993-12-10,14.68,0,1,0.9295033292696356
1993-12-17,14.31,1,1,0.9344770864168143
1993-12-24,14.4,1,1,0.9471323686967175
1993-12-31,14.21,1,1,0.9419856283813299
1994-01-07,15.03,1,1,0.9743066702453745
1994-01-14,14.67,0,1,0.9475286190213057
1994-01-21,15.02,0,1,0.8852736591307498
1994-01-28,15.34,0,1,0.756636502867327
1994-02-04,15.76,0,0,0.37526881722872873
1994-02-11,14.87,0,0,0.43525298971141474
1994-02-18,14.13,0,1,0.7704909499612834
1994-02-25,14.44,1,1,0.6591835165900837
1994-03-04,14.68,1,1,0.8034444934703507
1994-03-11,14.24,1,1,0.8676008239546124
1994-03-18,14.82,1,1,0.7477839048149313
1994-03-25,15.15,1,0,0.3692057655991945
1994-04-01,14.44,1,0,0.4599530544453081
1994-04-08,15.65,0,0,0.3354908704646816
1994-04-15,16.07,0,0,0.1148432740517875
1994-04-22,17.02,0,0,0.33336688146351934
1994-04-29,16.93,0,0,0.274273755088654
1994-05-06,17.2,0,0,0.1951161312150716
1994-05-13,17.93,0,0,0.3336677858975578
1994-05-20,18.21,0,0,0.20817813910237845
1994-05-27,18.14,0,0,0.17734019381481064
1994-06-03,18.24,0,0,0.14951767124918222
1994-06-10,18.26,0,0,0.1574488103461455
1994-06-17,19.61,0,0,0.09130317666475549
1994-06-24,19.8,0,0,0.07275489528541051
1994-07-01,19.16,0,0,0.0662926954267191
1994-07-08,19.39,0,0,0.07079401222295571
1994-07-15,20.16,0,0,0.05547482832590457
1994-07-22,19.39,0,0,0.0915406049627968
1994-07-29,19.66,0,0,0.08411333162473483
1994-08-05,20.09,0,0,0.07130056566207876
1994-08-12,18.88,0,0,0.28644303671886195
1994-08-19,17.85,0,1,0.5973602859695603
1994-08-26,17.23,0,1,0.7320091159546714
1994-09-02,17.52,0,1,0.7427177242266275
1994-09-09,17.65,1,1,0.8549095732110883
1994-09-16,16.93,1,1,0.8280866161323633
1994-09-23,17.38,1,1,0.7719004253643638
1994-09-30,17.83,1,1,0.7397291760388264
1994-10-07,18.13,0,1,0.5200564839634496
1994-10-14,17.37,0,1,0.5306420713485964
1994-10-21,17.35,0,1,0.5955583041015448
1994-10-28,17.93,0,0,0.31966021877095413
1994-11-04,18.69,0,0,0.17554857125249765
1994-11-11,18.25,0,0,0.2933476709099079
1994-11-18,17.51,0,0,0.30256568727958566
1994-11-25,17.73,0,0,0.19079641298349287
1994-12-02,17.78,0,0,0.37081176813975775
1994-12-09,16.99,1,0,0.31014055824415665
1994-12-16,16.86,1,0,0.38917817231337704
1994-12-23,17.1,1,1,0.7446920432555113
1994-12-30,17.71,1,1,0.7956312181629384
1995-01-06,17.62,1,1,0.964033537514858
1995-01-13,17.55,1,1,0.9365560253989875
1995-01-20,18.45,1,1,0.6924527988864763
1995-01-27,18.34,0,0,0.43699860925521594
1995-02-03,18.5,0,0,0.13644436267053364
1995-02-10,18.42,0,0,0.12200405685863282
1995-02-17,18.55,0,0,0.0668412702249854
1995-02-24,18.75,0,0,0.09519206299985467
1995-03-03,18.5,0,0,0.22321580568493748
1995-03-10,18.27,0,0,0.37068896387461225
1995-03-17,18.13,0,0,0.48415508036042326
1995-03-24,18.69,0,0,0.4314077237501717
1995-03-31,19.12,0,0,0.15068223249181908
1995-04-07,19.43,0,0,0.1344043159741592
1995-04-14,19.53,0,0,0.10959495346647914
1995-04-21,20.26,0,0,0.09738426193520199
1995-04-28,20.29,0,0,0.07871502840411296
1995-05-05,20.24,0,0,0.050675568435804105
1995-05-12,19.74,0,0,0.05948261562736299
1995-05-19,19.98,0,0,0.06257014320963804
1995-05-26,19.37,0,0,0.21041597749183097
1995-06-02,18.92,0,0,0.32737265511808256
1995-06-09,19.05,0,1,0.5401256411859956
1995-06-16,18.91,0,1,0.5732868886449949
1995-06-23,17.88,0,0,0.48475160895201663
1995-06-30,17.71,0,0,0.414708122776201
1995-07-07,17.28,1,1,0.6655084208405733
1995-07-14,17.34,1,1,0.6380155028569015
1995-07-21,17.21,1,1,0.8333295449094187
1995-07-28,17.41,1,1,0.8250353350806559
1995-08-04,17.72,0,1,0.657866496141933
1995-08-11,17.81,0,1,0.768763960373912
1995-08-18,17.6,0,1,0.6511783843669393
1995-08-25,19.02,0,0,0.168234499245334
1995-09-01,17.88,0,0,0.23056346660504184
1995-09-08,18.37,0,0,0.24903003980074742
1995-09-15,18.72,0,0,0.14990923615523308
1995-09-22,18.32,0,0,0.09581408487789744
1995-09-29,17.55,0,0,0.17911003325872918
1995-10-06,17.29,0,0,0.3249630518195152
1995-10-13,17.28,1,1,0.5265922882587266
1995-10-20,17.51,1,1,0.6527548196145919
1995-10-27,17.56,1,1,0.8361195125027219
1995-11-03,17.79,1,1,0.7327967231912004
1995-11-10,17.76,0,1,0.7406280906766002
1995-11-17,18.06,0,0,0.29698966025740814
1995-11-24,17.99,0,0,0.25492956859003424
1995-12-01,18.32,0,0,0.214025220221483
1995-12-08,18.74,0,0,0.08833772136989329
1995-12-15,19.02,0,0,0.0770487244126289
1995-12-22,19.12,0,0,0.06101305811440986
1995-12-29,19.44,0,0,0.06092777533579166
1996-01-05,19.99,0,0,0.1744856460609678
1996-01-12,19.43,0,0,0.11418508959597184
1996-01-19,18.64,1,0,0.21718523781951665
1996-01-26,18.35,1,0,0.36431326267341363
1996-02-02,17.64,1,0,0.3141221631966777
1996-02-09,17.72,1,0,0.483625381931083
1996-02-16,18.8,0,1,0.6016937649152139
1996-02-23,21.45,0,0,0.2977111983631403
1996-03-01,19.49,0,1,0.5475704337211197
1996-03-08,19.72,0,0,0.28499147694718074
1996-03-15,20.8,0,0,0.3340977110225417
1996-03-22,23.16,0,0,0.15781124977865627
1996-03-29,22.03,0,0,0.18432049906700712
1996-04-05,22.49,0,0,0.0496989782755972
1996-04-12,23.95,0,0,0.06094108622347199
1996-04-19,24.34,0,0,0.05240391624066046
1996-04-26,23.8,0,0,0.04151349836618363
1996-05-03,21.16,0,0,0.2499890414346363
1996-05-10,20.98,0,0,0.3760244167608308
1996-05-17,21.06,0,1,0.5998729532355441
1996-05-24,22.24,0,1,0.7174584155930134
1996-05-31,20.37,0,1,0.7251094533696179
1996-06-07,20.04,1,1,0.804207289529231
1996-06-14,20.15,1,1,0.8104496977974486
1996-06-21,20.95,1,1,0.8824627120298708
1996-06-28,20.55,1,1,0.7519898916758792
1996-07-05,21.4,1,1,0.5790740901255071
1996-07-12,21.65,1,1,0.5191577659049086
1996-07-19,21.8,1,0,0.23270116683955014
1996-07-26,20.96,0,0,0.11881097833827593
1996-08-02,20.66,0,0,0.3936772638809391
1996-08-09,21.35,0,0,0.24087145826478992
1996-08-16,22.25,0,0,0.26657806964061004
1996-08-23,22.5,0,0,0.24739151480376814
1996-08-30,21.82,0,0,0.24943907193633708
1996-09-06,23.48,0,0,0.12051087416090725
1996-09-13,24.42,0,0,0.09398032865935568
1996-09-20,23.52,0,0,0.09296873140911782
1996-09-27,24.33,0,0,0.07231527513627235
1996-10-04,24.44,0,0,0.08439807081983867
1996-10-11,24.93,0,0,0.08959435558750352
1996-10-18,25.45,0,0,0.06234585711683951
1996-10-25,25.15,0,0,0.07199028284543406
1996-11-01,23.91,0,0,0.11479634432946324
1996-11-08,22.92,1,0,0.49242304345499616
1996-11-15,23.9,1,1,0.5633856523754589
1996-11-22,24.03,1,1,0.5118392185398433
1996-11-29,24.21,0,0,0.4860612952973997
1996-12-06,25.14,0,1,0.5664452239989245
1996-12-13,24.2,0,1,0.6219822686341218
1996-12-20,26.02,0,0,0.22208791657369673
1996-12-27,25.44,0,0,0.09298368251218189
1997-01-03,25.59,0,0,0.12886294831728212
1997-01-10,26.3,0,0,0.1215759835407274
1997-01-17,25.42,0,0,0.14133544614367194
1997-01-24,24.4,0,0,0.36236124677925335
1997-01-31,24.24,0,0,0.3635366131753686
1997-02-07,23.49,0,1,0.512796263213711
1997-02-14,22.21,0,0,0.4910156298663614
1997-02-21,22.18,0,1,0.5321075603366698
1997-02-28,20.83,0,1,0.5491283150004332
1997-03-07,20.77,0,1,0.6386245215230139
1997-03-14,20.64,0,1,0.7806352053932213
1997-03-21,21.72,0,1,0.750773640927002
1997-03-28,20.83,1,1,0.7691207645604307
1997-04-04,19.76,1,1,0.793289029276928
1997-04-11,19.38,1,1,0.856243474404484
1997-04-18,19.65,1,1,0.8392073102206578
1997-04-25,19.85,0,1,0.8690345675558271
1997-05-02,19.99,0,1,0.8563380117692091
1997-05-09,19.94,0,1,0.816998701274174
1997-05-16,21.45,0,1,0.6036380069298326
1997-05-23,21.43,0,0,0.490497683538358
1997-05-30,20.9,0,0,0.22772458458267286
1997-06-06,20.12,0,1,0.5681912394446761
1997-06-13,18.88,0,1,0.7976675349150778
1997-06-20,18.93,1,1,0.7848580317099336
1997-06-27,19.0,1,1,0.8489455837601959
1997-07-04,19.95,1,1,0.8684090567981961
1997-07-11,19.44,1,1,0.7987197648471663
1997-07-18,19.49,1,1,0.5832431258439841
1997-07-25,19.52,1,0,0.494109146838214
1997-08-01,20.13,0,0,0.2902781299136831
1997-08-08,20.35,0,0,0.10910212792930994
1997-08-15,19.99,0,0,0.19321945827198572
1997-08-22,19.92,0,0,0.04378956141601019
1997-08-29,19.5,0,0,0.1704087932040495
1997-09-05,19.61,0,0,0.31497325852603475
1997-09-12,19.44,0,0,0.2980809895308563
1997-09-19,19.44,0,0,0.3164794704810247
1997-09-26,20.12,0,0,0.23580844467199472
1997-10-03,21.62,0,0,0.14940246867879353
1997-10-10,22.01,0,0,0.14490251077970645
1997-10-17,21.03,0,0,0.051816618414586825
1997-10-24,21.0,0,0,0.020830648690478924
1997-10-31,20.92,0,0,0.03820741753831411
1997-11-07,20.65,0,0,0.01725930183580216
1997-11-14,20.66,0,0,0.02969771599690027
1997-11-21,19.81,0,0,0.08614988202115613
1997-11-28,19.3,0,0,0.25850990438491145
1997-12-05,18.69,0,0,0.4173479606792128
1997-12-12,18.44,0,1,0.608833870993126
1997-12-19,18.31,0,1,0.7227285162937479
1997-12-26,18.31,0,1,0.7194049787587129
1998-01-02,17.58,0,1,0.7278363637619724
1998-01-09,16.83,0,1,0.7290237937230956
1998-01-16,16.47,0,1,0.8998182793149566
1998-01-23,16.02,0,1,0.8648123735052264
1998-01-30,17.3,0,1,0.9354789942757499
1998-02-06,16.65,0,1,0.9228456749094479
1998-02-13,16.25,0,1,0.8659996030693679
1998-02-20,16.03,1,1,0.8671447860200621
1998-02-27,15.3,1,1,0.8990414555098805
1998-03-06,15.23,1,1,0.8707833016828277
1998-03-13,14.4,1,1,0.934466773089306
1998-03-20,14.04,1,1,0.9362739639128453
1998-03-27,16.42,1,1,0.8910533295006552
1998-04-03,15.98,1,1,0.8031392433302981
1998-04-10,15.55,0,1,0.7563575413230825
1998-04-17,15.53,0,1,0.7115763994526951
1998-04-24,14.5,0,1,0.8349105779931192
1998-05-01,15.71,0,0,0.45795028639543917
1998-05-08,15.48,0,0,0.4949096434761458
1998-05-15,15.03,0,0,0.367989583517198
1998-05-22,13.91,0,1,0.7010744666335085
1998-05-29,14.99,0,1,0.7900284807824186
1998-06-05,15.02,0,1,0.807388748655217
1998-06-12,13.42,0,1,0.8127433422885078
1998-06-19,12.04,0,1,0.9070063394241137
1998-06-26,14.17,0,1,0.9059715700108518
1998-07-03,14.41,0,1,0.800662076855818
1998-07-10,13.94,1,1,0.9056972357403081
1998-07-17,14.48,1,1,0.6952162188432932
1998-07-24,13.89,1,1,0.7105510237224376
1998-07-31,14.24,1,1,0.5392654488180859
1998-08-07,13.83,1,1,0.5809035448334811
1998-08-14,13.12,1,0,0.49024622322732186
1998-08-21,13.33,0,1,0.5788844712384982
1998-08-28,13.65,0,1,0.6891678601125187
1998-09-04,13.98,0,1,0.7222098752259032
1998-09-11,14.45,0,0,0.1975159006200461
1998-09-18,14.88,0,0,0.2788863779079242
1998-09-25,15.78,0,0,0.33484361077483993
1998-10-02,15.83,0,0,0.19435264066041466
1998-10-09,15.02,0,0,0.0906884666677428
1998-10-16,14.21,0,0,0.09905452920632837
1998-10-23,13.81,0,0,0.33004251061333384
1998-10-30,14.34,0,0,0.42351715668107187
1998-11-06,14.13,0,1,0.6623049714254784
1998-11-13,13.63,0,1,0.6742176948222797
1998-11-20,12.4,0,1,0.7999014062974925
1998-11-27,11.62,0,1,0.852240158812939
1998-12-04,11.28,1,1,0.9022360904423561
1998-12-11,11.16,1,1,0.892072425072041
1998-12-18,11.5,1,1,0.9089356740947488
1998-12-25,11.0,1,1,0.947230173081344
1999-01-01,11.83,1,1,0.9520118902409357
1999-01-08,12.67,1,1,0.8689769888871247
1999-01-15,12.62,1,1,0.7083699187540063
1999-01-22,12.26,1,1,0.5388446765158881
1999-01-29,12.46,1,0,0.32302822978499823
1999-02-05,12.16,1,0,0.17586481178644353
1999-02-12,11.81,1,0,0.4012984950624031
1999-02-19,11.66,1,1,0.6395987026967391
1999-02-26,12.36,1,1,0.5886008890875765
1999-03-05,12.9,1,0,0.3121716391342559
1999-03-12,14.19,1,0,0.3039539209667279
1999-03-19,14.91,1,0,0.27596188407413025
1999-03-26,15.55,1,0,0.30699845075290444
1999-04-02,16.61,1,0,0.2892318707819563
1999-04-09,16.45,1,0,0.23298242618409415
1999-04-16,16.77,0,0,0.16284708162072384
1999-04-23,17.93,0,0,0.2120964576298351
1999-04-30,18.23,0,0,0.1495458243959453
1999-05-07,18.62,0,0,0.04977561481889172
1999-05-14,18.0,0,0,0.06562832865924717
1999-05-21,17.18,0,0,0.08502065491312889
1999-05-28,17.07,0,0,0.14940385337936657
1999-06-04,16.77,0,1,0.617064161308611
1999-06-11,17.96,0,0,0.22052916072835957
1999-06-18,18.21,0,0,0.29792545736240295
1999-06-25,18.05,0,0,0.28937940856943706
1999-07-02,19.04,0,0,0.07573120897730402
1999-07-09,19.87,0,0,0.05984806479040505
1999-07-16,20.21,0,0,0.02608037540541082
1999-07-23,19.89,0,0,0.02902830592665159
1999-07-30,20.62,0,0,0.012636229575647542
1999-08-06,20.54,0,0,0.019977460754331395
1999-08-13,21.44,0,0,0.012174054437799313
1999-08-20,21.62,0,0,0.009127263248372392
1999-08-27,21.21,0,0,0.011001822882498742
1999-09-03,21.88,0,0,0.010299470189074773
1999-09-10,23.0,0,0,0.009795480921034704
1999-09-17,24.28,0,0,0.0091019945094276
1999-09-24,24.53,0,0,0.00487046967350948
1999-10-01,24.58,0,0,0.009097794992761876
1999-10-08,22.72,0,0,0.04967322450210523
1999-10-15,22.54,0,0,0.07790461238821912
1999-10-22,22.65,0,0,0.1960785397833
1999-10-29,22.5,0,0,0.3005140947340642
1999-11-05,22.72,0,1,0.5548478515701385
1999-11-12,24.22,0,0,0.3396971375443116
1999-11-19,26.05,0,0,0.09971410987870462
1999-11-26,27.35,0,0,0.049240525544286554
1999-12-03,25.46,0,0,0.06628780292545085
1999-12-10,26.19,0,0,0.02209653952790807
1999-12-17,26.2,0,0,0.05082213046455463
1999-12-24,26.07,0,0,0.05251867764921824
1999-12-31,26.34,0,0,0.09100340419492657
2000-01-07,24.95,0,1,0.5414146537398614
2000-01-14,26.27,0,0,0.2653819037699777
2000-01-21,29.37,0,0,0.10357903830545379
2000-01-28,28.34,0,0,0.19255270579184477
2000-02-04,28.08,0,0,0.051936732472893696
2000-02-11,28.83,0,0,0.059454397681365706
2000-02-18,29.87,0,0,0.041967581548388776
2000-02-25,30.1,0,0,0.03271800205761442
2000-03-03,31.07,0,0,0.03681109590867465
2000-03-10,32.14,0,0,0.03382078514296062
2000-03-17,31.29,0,0,0.05253978572235227
2000-03-24,27.99,0,0,0.31038132684848324
2000-03-31,26.92,0,0,0.24897511484036175
2000-04-07,25.6,1,1,0.6457294443967355
2000-04-14,24.87,1,1,0.7279896044943991
2000-04-21,26.66,1,1,0.8265873555578094
2000-04-28,25.95,1,1,0.8454734388127878
2000-05-05,26.75,1,1,0.85410686549274
2000-05-12,28.7,0,1,0.9257868724126135
2000-05-19,29.88,0,1,0.6687939205169269
2000-05-26,29.46,0,0,0.24334164125448796
2000-06-02,29.98,0,0,0.04788516603756404
2000-06-09,29.79,0,0,0.04292882586496493
2000-06-16,32.45,0,0,0.03164762427594907
2000-06-23,33.55,0,0,0.029334795389208523
2000-06-30,32.12,0,0,0.027869613146022404
2000-07-07,30.4,0,0,0.28551241481113443
2000-07-14,30.44,1,0,0.3605089708930659
2000-07-21,30.65,1,0,0.43548513621124507
2000-07-28,28.02,1,0,0.300720296526924
2000-08-04,28.5,1,1,0.6347310469565766
2000-08-11,30.14,1,1,0.9019633231727412
2000-08-18,31.82,0,1,0.7221782700446013
2000-08-25,32.46,0,0,0.43127703471376344
2000-09-01,33.08,0,0,0.1461956000472867
2000-09-08,34.42,0,0,0.014423392200986783
2000-09-15,34.7,0,0,0.015112998360584965
2000-09-22,35.49,0,0,0.015400973580299092
2000-09-29,31.13,0,0,0.06849574109604416
2000-10-06,31.27,0,0,0.11588582951968202
2000-10-13,33.9,0,0,0.06735853646239591
2000-10-20,33.48,0,0,0.1545593799260514
2000-10-27,33.92,0,0,0.11702220913668966
2000-11-03,32.78,0,0,0.36838093226477525
2000-11-10,33.46,0,0,0.3079690036591211
2000-11-17,35.0,0,0,0.1264196326632376
2000-11-24,35.91,0,0,0.024326941811309215
2000-12-01,34.1,0,0,0.04337796034239999
2000-12-08,29.69,0,0,0.11659289105069907
2000-12-15,29.05,0,0,0.22315384495713217
2000-12-22,27.38,0,0,0.3658002573484284
2000-12-29,26.52,1,0,0.42300457843677736
2001-01-05,27.8,1,1,0.6890032691182921
2001-01-12,28.81,1,1,0.7581575181546674
2001-01-19,30.63,0,1,0.7632435844588249
2001-01-26,31.35,0,1,0.774684536285469
2001-02-02,29.59,0,0,0.4194515766365192
2001-02-09,30.92,0,0,0.4020354777668711
2001-02-16,29.67,0,0,0.11339705381282891
2001-02-23,28.65,0,0,0.17226969531847947
2001-03-02,27.91,0,0,0.4269849541276737
2001-03-09,28.45,0,1,0.5887320015576546
2001-03-16,27.02,0,1,0.6773592834819718
2001-03-23,26.42,1,1,0.8438274234348835
2001-03-30,26.86,1,1,0.8962511644462492
2001-04-06,26.76,1,1,0.8648577549613637
2001-04-13,28.27,1,1,0.8573938551992932
2001-04-20,27.89,0,1,0.8518934420022347
2001-04-27,26.99,0,1,0.7981808621586061
2001-05-04,28.36,0,1,0.630662141187052
2001-05-11,28.12,0,1,0.5430257720190473
2001-05-18,29.08,0,0,0.11625181860701285
2001-05-25,28.92,0,0,0.03971572971716872
2001-06-01,28.44,0,0,0.1423232322458412
2001-06-08,27.98,0,0,0.2106166472463312
2001-06-15,28.9,0,0,0.12485399584973839
2001-06-22,27.09,0,0,0.3536347173895226
2001-06-29,26.37,0,1,0.6131132050399565
2001-07-06,26.87,1,1,0.8885146051889381
2001-07-13,27.07,1,1,0.7682022779112737
2001-07-20,25.26,1,1,0.8063826440847714
2001-07-27,26.5,0,1,0.8462373582330739
2001-08-03,27.1,0,1,0.9371262786435012
2001-08-10,27.87,0,0,0.3949239769972676
2001-08-17,27.52,0,0,0.3063548722571295
2001-08-24,27.25,0,0,0.2857431741644103
2001-08-31,26.84,0,0,0.19702884779400193
2001-09-07,27.38,0,0,0.1082077593059394
2001-09-14,28.22,0,0,0.06435280632802216
2001-09-21,27.09,0,0,0.10750766431268281
2001-09-28,22.35,0,1,0.7017256550679646
2001-10-05,22.6,0,1,0.635336398688334
2001-10-12,22.66,0,1,0.7609335590427382
2001-10-19,21.92,0,1,0.8621506410854515
2001-10-26,21.78,0,1,0.8973879279315372
2001-11-02,21.17,0,1,0.9179073475789675
2001-11-09,20.7,0,1,0.9408534948190046
2001-11-16,19.61,1,1,0.9676994666208988
2001-11-23,18.28,1,1,0.9575059132950386
2001-11-30,19.13,1,1,0.9251979120118312
2001-12-07,19.47,1,1,0.945736644011693
2001-12-14,18.45,1,1,0.8993279001159233
2001-12-21,19.2,1,1,0.9082575919465722
2001-12-28,20.94,1,1,0.7569134675763234
2002-01-04,20.8,1,1,0.8167547805405975
2002-01-11,20.54,1,1,0.555825804851338
2002-01-18,18.61,1,1,0.8461007362304604
2002-01-25,19.21,0,1,0.7279350739093862
2002-02-01,19.71,0,0,0.4808723512586478
2002-02-08,19.97,0,1,0.6702075036690228
2002-02-15,21.18,0,0,0.4673587116040978
2002-02-22,20.7,0,1,0.6568730003776679
2002-03-01,21.43,0,0,0.39551033007019193
2002-03-08,23.31,0,0,0.29201810232058634
2002-03-15,24.4,0,0,0.36741486976533716
2002-03-22,25.25,0,0,0.2849739084556426
2002-03-29,25.86,0,0,0.15177388616019433
2002-04-05,26.99,0,0,0.16973225406919004
2002-04-12,25.24,0,0,0.09000078392500649
2002-04-19,25.54,0,0,0.07317234586244775
2002-04-26,26.46,0,0,0.1467753691951548
2002-05-03,26.88,0,0,0.09512723784415753
2002-05-10,27.27,0,0,0.040691948569203
2002-05-17,28.43,0,0,0.05795715683312239
2002-05-24,27.18,0,0,0.15958470071490014
2002-05-31,25.22,0,0,0.3567273615027097
2002-06-07,25.01,1,0,0.3427714261506963
2002-06-14,24.94,1,1,0.5154001879621983
2002-06-21,25.61,1,1,0.8081715027532211
2002-06-28,26.52,1,1,0.7010806232017283
2002-07-05,26.81,1,1,0.6430000825164462
2002-07-12,26.7,0,0,0.35564078028443885
2002-07-19,27.62,0,0,0.11201198178184052
2002-07-26,26.64,0,0,0.08691949954058127
2002-08-02,26.87,0,0,0.017091401132022448
2002-08-09,26.77,0,0,0.01045257284357226
2002-08-16,28.52,0,0,0.03419588537663142
2002-08-23,30.09,0,0,0.01573639284992511
2002-08-30,28.84,0,0,0.06737377759678068
2002-09-06,28.65,0,0,0.04594808289242011
2002-09-13,29.59,0,0,0.028059968276358857
2002-09-20,29.39,0,0,0.09240275097552272
2002-09-27,30.63,0,0,0.04834482149129814
2002-10-04,30.25,0,0,0.06864135016364911
2002-10-11,29.37,0,0,0.12892383347774644
2002-10-18,29.65,0,0,0.14847433836568474
2002-10-25,27.88,0,0,0.49633731349869004
2002-11-01,27.03,1,1,0.7872228607823406
2002-11-08,25.97,1,1,0.8522232307526939
2002-11-15,25.68,1,1,0.8835131385003224
2002-11-22,26.98,1,1,0.9271960980696312
2002-11-29,26.83,1,1,0.9382413189694149
2002-12-06,27.14,1,1,0.8657618837197364
2002-12-13,27.82,0,1,0.873810286702677
2002-12-20,30.35,0,1,0.5882936288315009
2002-12-27,32.38,0,0,0.12653743383558805
2003-01-03,31.96,0,0,0.2953588993557174
2003-01-10,31.54,0,0,0.20700496618572797
2003-01-17,33.04,0,0,0.1924899440439733
2003-01-24,34.46,0,0,0.1217349523678087
2003-01-31,33.19,0,0,0.0911807511276818
2003-02-07,33.95,0,0,0.064140520621848
2003-02-14,35.79,0,0,0.053491065247644715
2003-02-21,36.78,0,0,0.06839833983964275
2003-02-28,36.98,0,0,0.016383551054725755
2003-03-07,36.98,0,0,0.010178755021552743
2003-03-14,36.66,0,0,0.025329264317681593
2003-03-21,30.46,0,0,0.2874188822264522
2003-03-28,30.43,0,0,0.3549518218344243
2003-04-04,29.33,0,1,0.5494188929494006
2003-04-11,28.03,0,1,0.7017388562689403
2003-04-18,29.28,1,1,0.7512534863370263
2003-04-25,28.43,1,1,0.8002003840418082
2003-05-02,25.69,1,1,0.7593186002456326
2003-05-09,26.58,1,1,0.8764819603490679
2003-05-16,28.54,1,1,0.8575176108852972
2003-05-23,29.29,1,1,0.8566600975884113
2003-05-30,29.1,0,1,0.7849854072826287
2003-06-06,30.68,0,1,0.6812570694674795
2003-06-13,31.46,0,0,0.3496449756894497
2003-06-20,30.6,0,0,0.23360291745814687
2003-06-27,30.01,0,0,0.17864349826208845
2003-07-04,30.31,0,0,0.224566512768674
2003-07-11,30.73,0,0,0.29260438037357667
2003-07-18,31.48,0,0,0.44019226629299696
2003-07-25,30.61,0,1,0.5875054917828236
2003-08-01,30.73,0,1,0.5747510079359619
2003-08-08,32.11,0,1,0.5662761141888363
2003-08-15,31.31,0,0,0.4607110012356039
2003-08-22,31.19,0,0,0.3758272113707199
2003-08-29,31.56,0,0,0.4528941443112839
2003-09-05,29.2,0,0,0.41681760962893083
2003-09-12,28.92,1,1,0.8224591791137106
2003-09-19,27.39,1,1,0.8945225236048331
2003-09-26,27.73,1,1,0.9340729140471093
2003-10-03,29.43,1,1,0.9090515096867108
2003-10-10,30.69,1,1,0.9113917902833216
2003-10-17,31.49,1,1,0.811070745194581
2003-10-24,30.17,1,0,0.4934167128140771
2003-10-31,29.28,1,1,0.5415650912434806
2003-11-07,29.79,1,0,0.2083460592415859
2003-11-14,31.56,1,0,0.19970458130368138
2003-11-21,32.58,1,0,0.16829637941371853
2003-11-28,30.11,0,0,0.14012559899649057
2003-12-05,30.63,0,0,0.1307785354673493
2003-12-12,32.16,0,0,0.3991280450290544
2003-12-19,33.2,0,0,0.13609885458338966
2003-12-26,32.24,0,0,0.13210592472004218
2004-01-02,32.68,0,0,0.3669991063253489
2004-01-09,33.89,0,0,0.20615356416048067
2004-01-16,34.51,0,0,0.13236278740300061
2004-01-23,35.45,0,0,0.05329975530288107
2004-01-30,33.61,0,0,0.2632985106398725
2004-02-06,33.41,0,0,0.12777545735805199
2004-02-13,33.88,0,0,0.25119780819178855
2004-02-20,35.54,0,0,0.1311868799996689
2004-02-27,36.08,0,0,0.11594081288677742
2004-03-05,36.67,0,0,0.06472765411579595
2004-03-12,36.44,0,0,0.07880112283896303
2004-03-19,37.78,0,0,0.054562190240216774
2004-03-26,36.65,0,0,0.06822655305523004
2004-04-02,35.23,0,0,0.2074235095333631
2004-04-09,35.7,0,0,0.23360010033768902
2004-04-16,37.39,0,0,0.117259006647245
2004-04-23,37.32,0,0,0.13414724005319542
2004-04-30,37.31,0,0,0.11838257873772448
2004-05-07,39.24,0,0,0.030614452566007908
2004-05-14,40.37,0,0,0.022094179088240285
2004-05-21,40.84,0,0,0.01507538078629332
2004-05-28,40.65,0,0,0.007873470375790604
2004-06-04,40.01,0,0,0.011093554220411072
2004-06-11,37.99,0,0,0.13718270351116613
2004-06-18,37.86,1,0,0.4707297471888157
2004-06-25,37.7,1,1,0.5594981558003104
2004-07-02,37.14,1,1,0.5508685632544897
2004-07-09,39.73,1,0,0.38683806983379193
2004-07-16,40.33,1,0,0.38734767312890656
2004-07-23,41.27,0,0,0.17625785468806332
2004-07-30,42.5,0,0,0.034182055955352356
2004-08-06,43.81,0,0,0.012865436682048339
2004-08-13,45.24,0,0,0.007669965287857886
2004-08-20,47.28,0,0,0.015572439210918484
2004-08-27,44.34,0,0,0.018322430067289532
2004-09-03,43.28,0,0,0.04661598391463936
2004-09-10,43.33,0,0,0.05560983485136222
2004-09-17,44.39,0,0,0.08362877775034047
2004-09-24,47.82,0,0,0.01562859850756279
2004-10-01,49.71,0,0,0.011024207720316268
2004-10-08,51.77,0,0,0.015033046366042404
2004-10-15,54.12,0,0,0.014340113708814857
2004-10-22,54.43,0,0,0.0026225021958743927
2004-10-29,53.43,0,0,0.002877452459671139
2004-11-05,49.81,0,0,0.007608492111066204
2004-11-12,48.0,0,0,0.03564366806930126
2004-11-19,47.02,0,0,0.09686913606083854
2004-11-26,48.79,0,0,0.4585060092388206
2004-12-03,46.06,0,1,0.622459132898365
2004-12-10,41.91,1,1,0.5785843088226683
2004-12-17,43.5,1,1,0.6580981930244271
2004-12-24,44.39,1,1,0.7556961810868299
2004-12-31,42.52,1,1,0.6651115328466
2005-01-07,44.07,1,1,0.8251978967536084
2005-01-14,46.79,1,1,0.6923216544522895
2005-01-21,47.85,0,1,0.7452577505541719
2005-01-28,48.56,0,0,0.3560190698021515
2005-02-04,46.97,0,0,0.0728648294650996
2005-02-11,46.08,0,0,0.038211924909100886
2005-02-18,47.82,0,0,0.07743834793708697
2005-02-25,51.75,0,0,0.06642761025495718
2005-03-04,52.74,0,0,0.06644753446705645
2005-03-11,54.22,0,0,0.024834428008130936
2005-03-18,55.93,0,0,0.013178945459008707
2005-03-25,52.95,0,0,0.02391272970203832
2005-04-01,54.97,0,0,0.010461006189261065
2005-04-08,55.24,0,0,0.012808566689584003
2005-04-15,51.44,0,0,0.25155755865449336
2005-04-22,52.39,0,0,0.21903904868968485
2005-04-29,52.0,1,1,0.5805787827483346
2005-05-06,50.64,1,1,0.5027585988099479
2005-05-13,50.33,1,1,0.7446886966017219
2005-05-20,47.77,1,1,0.728825053780345
2005-05-27,50.15,1,1,0.7022076985272642
2005-06-03,53.76,1,0,0.44566661156926063
2005-06-10,53.74,0,0,0.3481856304178206
2005-06-17,56.18,0,0,0.07126480640537418
2005-06-24,59.04,0,0,0.0320193209620317
2005-07-01,58.21,0,0,0.02306453314001191
2005-07-08,60.36,0,0,0.009437128399358953
2005-07-15,59.18,0,0,0.002593050390616203
2005-07-22,57.3,0,0,0.008321748354403876
2005-07-29,59.39,0,0,0.00410282373134709
2005-08-05,61.64,0,0,0.003874804439011499
2005-08-12,64.85,0,0,0.003277730822069664
2005-08-19,64.92,0,0,0.003939493922664656
2005-08-26,66.34,0,0,0.0026865340995503645
2005-09-02,68.47,0,0,0.003065474569530946
2005-09-09,64.81,0,0,0.0120191143008241
2005-09-16,63.84,0,0,0.0318996471934705
2005-09-23,66.43,0,0,0.027054097459315543
2005-09-30,66.06,0,0,0.03117643628981141
2005-10-07,63.06,0,0,0.15235352046529507
2005-10-14,62.87,0,0,0.23363805289569464
2005-10-21,62.28,0,1,0.58820510369257
2005-10-28,61.33,0,0,0.43861920849877584
2005-11-04,60.34,0,1,0.582001962419302
2005-11-11,58.8,1,1,0.6505183061865006
2005-11-18,57.0,1,1,0.7767344250524713
2005-11-25,58.13,1,1,0.6857687237801643
2005-12-02,57.78,1,1,0.6629115046424241
2005-12-09,59.83,1,1,0.674398541908066
2005-12-16,60.32,0,1,0.6738782753939517
2005-12-23,57.97,0,1,0.5380014297683129
2005-12-30,59.82,0,0,0.4517755767432682
2006-01-06,63.39,0,0,0.41330926386561745
2006-01-13,63.74,0,0,0.22102813097762358
2006-01-20,66.79,0,0,0.10825652813057501
2006-01-27,66.82,0,0,0.030100169785322
2006-02-03,66.59,0,0,0.03045780413423548
2006-02-10,63.06,0,0,0.1113586717031007
2006-02-17,59.37,0,0,0.24707999362895966
2006-02-24,59.93,1,0,0.3434541594772404
2006-03-03,62.27,1,1,0.8401906798415688
2006-03-10,60.89,1,1,0.859312211258842
2006-03-17,62.64,1,1,0.9537461978042348
2006-03-24,61.36,1,1,0.8770036853163578
2006-03-31,65.67,1,1,0.7559399479064156
2006-04-07,66.56,1,0,0.4750423316740686
2006-04-14,68.85,0,0,0.08256847493416514
2006-04-21,71.87,0,0,0.056579017345975265
2006-04-28,70.38,0,0,0.016189613956719168
2006-05-05,72.14,0,0,0.009468990130821524
2006-05-12,71.5,0,0,0.011726603495634954
2006-05-19,69.07,0,0,0.032261702510821444
2006-05-26,70.35,0,0,0.010124740420002628
2006-06-02,71.53,0,0,0.02124492901594826
2006-06-09,71.54,0,0,0.014301837057849664
2006-06-16,69.48,0,0,0.08075762907070379
2006-06-23,69.94,0,0,0.1012013794372911
2006-06-30,72.65,0,0,0.023965960653002133
2006-07-07,74.65,0,0,0.02531126586267865
2006-07-14,75.21,0,0,0.0102528426892946
2006-07-21,73.98,0,0,0.008083863689705718
2006-07-28,73.87,0,0,0.010178518218097524
2006-08-04,75.2,0,0,0.007596986914412911
2006-08-11,75.63,0,0,0.005512824208591269
2006-08-18,71.79,0,0,0.02601354955573849
2006-08-25,72.12,0,0,0.05221535730613553
2006-09-01,70.01,0,0,0.08049891520943224
2006-09-08,67.53,0,1,0.5896323693895937
2006-09-15,63.98,0,0,0.41650308169073136
2006-09-22,61.4,0,1,0.5773566418267707
2006-09-29,61.94,0,1,0.6372665357263672
2006-10-06,59.77,0,1,0.6426702437096171
2006-10-13,58.58,1,1,0.6917920067042992
2006-10-20,58.48,1,1,0.7473375568015027
2006-10-27,58.88,1,1,0.8165444491111287
2006-11-03,58.55,1,1,0.832245166813845
2006-11-10,59.96,1,1,0.821431444779113
2006-11-17,57.56,0,1,0.7622495191051359
2006-11-24,57.24,0,1,0.7231318828147315
2006-12-01,62.02,0,1,0.519057603066865
2006-12-08,62.32,0,0,0.18636265949578298
2006-12-15,61.91,0,0,0.0844722138150147
2006-12-22,62.4,0,0,0.09588837978231064
2006-12-29,60.66,0,0,0.12905849169777814
2007-01-05,57.76,0,0,0.4980064573178084
2007-01-12,54.11,1,1,0.8385763753841339
2007-01-19,51.51,1,1,0.9329482137736487
2007-01-26,53.57,1,1,0.9657741534417169
2007-02-02,57.11,1,1,0.9571676797595908
2007-02-09,58.99,1,1,0.9421123376906266
2007-02-16,58.41,1,1,0.9253490841931752
2007-02-23,59.57,1,1,0.8942403557012553
2007-03-02,61.64,1,1,0.8589641998179006
2007-03-09,60.85,1,0,0.29102458168769346
2007-03-16,57.94,1,0,0.20192801771623692
2007-03-23,58.26,1,0,0.16705474354080935
2007-03-30,64.18,1,0,0.22177824748255157
2007-04-06,64.82,1,0,0.1297831500923437
2007-04-13,62.58,1,0,0.10528905619077114
2007-04-20,63.06,0,0,0.16692516147629585
2007-04-27,65.26,0,0,0.2132351055195291
2007-05-04,63.82,0,0,0.157789512418295
2007-05-11,61.9,0,0,0.3830009789981905
2007-05-18,63.61,0,0,0.46351651782096437
2007-05-25,64.89,0,0,0.35882198638408597
2007-06-01,63.94,0,0,0.39762782584574957
2007-06-08,65.9,0,0,0.18368784488877496
2007-06-15,66.62,0,0,0.19031317391247743
2007-06-22,68.78,0,0,0.11529448479787308
2007-06-29,69.13,0,0,0.03815184296289854
2007-07-06,71.78,0,0,0.04757140639150798
2007-07-13,72.79,0,0,0.009106948737046152
2007-07-20,74.92,0,0,0.004769698442810296
2007-07-27,75.15,0,0,0.004565957787404785
2007-08-03,76.75,0,0,0.003660283413873031
2007-08-10,71.92,0,0,0.012078379826198016
2007-08-17,72.05,0,0,0.03619923465552583
2007-08-24,70.19,0,0,0.09599110940720836
2007-08-31,72.93,0,0,0.15286493950551727
2007-09-07,75.96,0,0,0.06264131546826637
2007-09-14,78.95,0,0,0.03354930745732419
2007-09-21,82.26,0,0,0.017623173927027436
2007-09-28,81.7,0,0,0.023430452276239747
2007-10-05,80.59,0,0,0.029739972815603862
2007-10-12,81.46,0,0,0.0045620357277711635
2007-10-19,87.8,0,0,0.004636269404288036
2007-10-26,89.23,0,0,0.004167378641838439
2007-11-02,93.46,0,0,0.004402804475346852
2007-11-09,95.81,0,0,0.004402804475346852
2007-11-16,93.56,0,0,0.009283962737146812
2007-11-23,97.93,0,0,0.0036167064054596844
2007-11-30,92.47,0,0,0.02310131805138542
2007-12-07,88.71,0,0,0.07723209766592022
2007-12-14,91.18,0,0,0.11554722818898666
2007-12-21,91.16,0,0,0.11292244589977074
2007-12-28,95.64,0,0,0.08631982031222213
2008-01-04,98.17,1,0,0.11510068023210837
2008-01-11,94.76,1,0,0.2640142620053403
2008-01-18,91.51,1,0,0.44538364352565485
2008-01-25,89.41,1,1,0.5578954299061082
2008-02-01,91.14,1,1,0.6920671726972696
2008-02-08,89.08,1,1,0.5029945347733258
2008-02-15,94.13,1,1,0.6374017007955498
2008-02-22,99.61,1,0,0.10538238090829789
2008-02-29,100.84,0,0,0.06412170347347868
2008-03-07,103.44,0,0,0.04299700529711644
2008-03-14,109.35,0,0,0.009852119817068164
2008-03-21,105.28,0,0,0.032615951255236454
2008-03-28,104.49,0,0,0.028276779325952954
2008-04-04,103.46,0,0,0.060018857676451286
2008-04-11,109.71,0,0,0.010590028557363858
2008-04-18,114.33,0,0,0.00931254911384967
2008-04-25,118.53,0,0,0.006402522081212151
2008-05-02,115.42,0,0,0.034694929272560966
2008-05-09,123.01,0,0,0.007947670218463074
2008-05-16,124.96,0,0,0.0026932539567917154
2008-05-23,130.14,0,0,0.002858248244119973
2008-05-30,128.47,0,0,0.006087536915677359
2008-06-06,128.16,0,0,0.007955528503509241
2008-06-13,134.8,0,0,0.0031460970803059494
2008-06-20,134.34,0,0,0.003924994715907829
2008-06-27,137.0,0,0,0.002743357068131643
2008-07-04,142.52,0,0,0.0029538847113960275
2008-07-11,139.95,0,0,0.009234648835340144
2008-07-18,135.37,0,0,0.031169648356338564
2008-07-25,125.92,0,0,0.09441324111671297
2008-08-01,124.57,0,0,0.19798837095549704
2008-08-08,118.8,0,0,0.2849365515528403
2008-08-15,114.4,0,0,0.299630415977841
2008-08-22,115.7,0,1,0.5043606384366266
2008-08-29,116.09,0,1,0.6268500728577013
2008-09-05,108.37,0,1,0.8457957354039901
2008-09-12,102.88,0,1,0.6255277343627772
2008-09-19,97.19,0,1,0.6255277343627772
2008-09-26,111.12,0,1,0.721052710581295
2008-10-03,96.59,0,1,0.6761118645492806
2008-10-10,86.24,0,1,0.7209679296543651
2008-10-17,75.19,0,1,0.693987699467287
2008-10-24,68.56,0,1,0.6907934944800512
2008-10-31,65.21,0,1,0.6907934944800512
2008-11-07,64.31,0,1,0.6919686290926816
2008-11-14,58.6,0,1,0.6960124235359016
2008-11-21,52.26,0,1,0.825975016014237
2008-11-28,53.27,0,1,0.8386859381224802
2008-12-05,45.6,1,1,0.9103943224566055
2008-12-12,44.57,1,1,0.9103943224566055
2008-12-19,39.7,1,1,0.923938059606483
2008-12-26,32.98,1,1,0.966043777945009
2009-01-02,42.4,1,1,0.9897719889933466
2009-01-09,44.46,1,1,0.9826077008994978
2009-01-16,36.73,1,1,0.9726887174363884
2009-01-23,42.15,1,1,0.9660036623230688
2009-01-30,42.7,1,1,0.9583873691783825
2009-02-06,40.78,1,1,0.8776627918601803
2009-02-13,36.94,1,1,0.9521244214535888
2009-02-20,37.15,1,1,0.9322620606046808
2009-02-27,41.1,1,1,0.9131523500666314
2009-03-06,43.18,0,1,0.7069054639513391
2009-03-13,45.66,0,0,0.4922345974301273
2009-03-20,49.49,0,1,0.6514341614539979
2009-03-27,52.99,0,0,0.4920677220835938
2009-04-03,50.34,0,0,0.14777051051314458
2009-04-10,50.46,0,0,0.1214488093571547
2009-04-17,49.86,0,0,0.16429574280386053
2009-04-24,47.8,0,0,0.11280019379950403
2009-05-01,50.2,0,0,0.26356413938570633
2009-05-08,55.96,0,0,0.0987661706240651
2009-05-15,57.94,0,0,0.08776687370312715
2009-05-22,60.32,0,0,0.08703532113739301
2009-05-29,64.32,0,0,0.11083715937957397
2009-06-05,68.11,0,0,0.11493199400881052
2009-06-12,70.85,0,0,0.20852398626430965
2009-06-19,70.62,0,0,0.1744439275945402
2009-06-26,68.58,0,0,0.16502743955667712
2009-07-03,69.32,0,0,0.17795938729601396
2009-07-10,61.48,1,0,0.31979234756073877
2009-07-17,61.29,1,0,0.44880615183352307
2009-07-24,65.28,1,1,0.8180274206805479
2009-07-31,67.03,1,1,0.7723320001008748
2009-08-07,71.58,1,0,0.3462288777960615
2009-08-14,69.64,0,1,0.7199333696697381
2009-08-21,70.8,0,0,0.4233570550233284
2009-08-28,72.37,0,0,0.14064486191549566
2009-09-04,68.39,0,0,0.08744157998224443
2009-09-11,70.91,0,0,0.06873797241007162
2009-09-18,71.32,0,0,0.16205151749055344
2009-09-25,68.33,0,0,0.23507342088919037
2009-10-02,68.84,0,0,0.23262918131335458
2009-10-09,70.8,0,0,0.23737961056852155
2009-10-16,75.73,0,0,0.08086894920181553
2009-10-23,80.06,0,0,0.061955899009292735
2009-10-30,78.47,0,0,0.07776627126148462
2009-11-06,79.0,0,0,0.05098556029724508
2009-11-13,78.24,0,0,0.13289107326537267
2009-11-20,78.37,0,0,0.14019962095694516
2009-11-27,76.14,0,0,0.21071586623813085
2009-12-04,76.81,0,0,0.2980486667155185
2009-12-11,71.51,1,1,0.619366093131089
2009-12-18,71.72,1,1,0.7768658137622243
2009-12-25,74.76,1,1,0.982145777102687
2010-01-01,79.07,1,1,0.9316306734081707
2010-01-08,82.34,1,1,0.9087123783481419
2010-01-15,80.06,0,1,0.5625268223672282
2010-01-22,76.62,0,1,0.6483843377746453
2010-01-29,73.94,0,1,0.5510431169261032
2010-02-05,74.57,0,1,0.5373114316375454
2010-02-12,73.88,0,1,0.5003344201547346
2010-02-19,78.25,0,1,0.5209513727288806
2010-02-26,79.22,0,1,0.603741903181619
2010-03-05,80.19,0,0,0.4440621192286495
2010-03-12,81.76,0,0,0.3225327535072455
2010-03-19,81.44,0,0,0.24773716818511457
2010-03-26,80.65,0,0,0.2625660600477788
2010-04-02,83.01,0,0,0.14198117517492284
2010-04-09,85.66,0,0,0.07681959115492513
2010-04-16,84.34,0,0,0.040823073068251996
2010-04-23,82.9,0,0,0.1251042216700121
2010-04-30,84.22,0,0,0.0500899885770602
2010-05-07,80.24,0,0,0.14033424325552224
2010-05-14,74.98,0,1,0.5072420691000595
2010-05-21,69.14,0,1,0.6642355177287304
2010-05-28,70.62,1,1,0.726042109588077
2010-06-04,72.91,1,1,0.8054754533421183
2010-06-11,73.44,1,1,0.8727173267431662
2010-06-18,76.7,1,1,0.8814964187461649
2010-06-25,77.06,0,1,0.7839523432507407
2010-07-02,74.96,0,1,0.5522802662443337
2010-07-09,74.39,0,1,0.5552870283893657
2010-07-16,76.35,0,1,0.7186452868604662
2010-07-23,77.56,0,0,0.3427138265955455
2010-07-30,78.12,0,0,0.26005298459574566
2010-08-06,81.79,0,0,0.3316739458005741
2010-08-13,78.17,0,0,0.4673427220877445
2010-08-20,74.84,0,1,0.5984018345289277
2010-08-27,72.91,1,1,0.5940473945838668
2010-09-03,74.02,1,1,0.9648786416924345
2010-09-10,74.82,1,1,0.9725201336644856
2010-09-17,75.62,1,1,0.9791522009599497
2010-09-24,73.76,1,1,0.9781706117752661
2010-10-01,78.41,1,1,0.9759491949588905
2010-10-08,82.29,1,1,0.9068121074741774
2010-10-15,82.16,1,1,0.5905205370156432
2010-10-22,81.15,1,0,0.4935521237467018
2010-10-29,82.03,1,0,0.44019685419570254
2010-11-05,84.93,0,0,0.11823267233484346
2010-11-12,86.91,0,0,0.11014636626496893
2010-11-19,82.23,0,0,0.41807308199956617
2010-11-26,82.28,0,0,0.28444392847607747
2010-12-03,86.75,0,0,0.0567865673442213
2010-12-10,88.5,0,0,0.070461921285735
2010-12-17,88.27,0,0,0.08580230776444617
2010-12-24,89.66,0,0,0.07169523229441913
2010-12-31,90.97,0,0,0.10030812075457014
2011-01-07,89.54,0,0,0.09842955079376077
2011-01-14,91.02,0,0,0.11116911119516529
2011-01-21,89.75,0,0,0.10390000498285272
2011-01-28,86.11,0,0,0.1848502331916918
2011-02-04,89.52,0,0,0.11511644884545263
2011-02-11,85.51,0,0,0.3077267061784932
2011-02-18,84.13,0,0,0.40068513844471904
2011-02-25,95.26,0,0,0.19892194211540692
2011-03-04,101.05,0,0,0.05365450583493284
2011-03-11,103.74,0,0,0.006524140979148085
2011-03-18,99.79,0,0,0.022512189307834708
2011-03-25,104.41,0,0,0.005161614334209838
2011-04-01,105.08,0,0,0.004273837370486999
2011-04-08,109.29,0,0,0.004613737655181929
2011-04-15,107.75,0,0,0.005924643293060266
2011-04-22,109.11,0,0,0.003995109208579325
2011-04-29,112.3,0,0,0.005912630528701753
2011-05-06,105.84,0,0,0.0605070664831749
2011-05-13,99.87,0,0,0.12957273526008586
2011-05-20,97.99,0,0,0.11512070313878565
2011-05-27,99.55,0,1,0.6407178793922886
2011-06-03,100.92,0,1,0.6315737020100013
2011-06-10,100.05,0,1,0.6723066998497879
2011-06-17,95.87,0,0,0.3433527632317009
2011-06-24,92.7,0,1,0.5524742756384331
2011-07-01,93.7,0,1,0.6677843334346577
2011-07-08,97.12,0,1,0.5891340490514206
2011-07-15,96.72,0,1,0.5462153270540455
2011-07-22,98.01,0,0,0.49695900310296043
2011-07-29,97.83,0,0,0.23586726359815294
2011-08-05,90.85,0,0,0.46488130716724463
2011-08-12,82.86,0,1,0.6077991825698721
2011-08-19,85.36,1,1,0.6604433572699923
2011-08-26,85.06,1,1,0.8659392322092667
2011-09-02,88.07,1,1,0.8797926870854083
2011-09-09,87.91,1,1,0.9143184132577338
2011-09-16,88.93,1,1,0.8586918451361101
2011-09-23,83.65,1,1,0.8840429912865194
2011-09-30,81.18,1,1,0.8911336032062881
2011-10-07,79.43,1,1,0.907278746836642
2011-10-14,85.35,1,1,0.8866083017878104
2011-10-21,86.82,1,1,0.8874544750662553
2011-10-28,92.32,1,1,0.5455453053926118
2011-11-04,93.24,1,0,0.3749037921868609
2011-11-11,96.97,0,1,0.5541927593915661
2011-11-18,99.32,0,0,0.2721111171127756
2011-11-25,96.89,0,0,0.26288648003062437
2011-12-02,99.91,0,0,0.3525322044750998
2011-12-09,100.08,0,0,0.370594402874377
2011-12-16,96.06,0,1,0.5547528142171547
2011-12-23,97.74,0,0,0.31792390848932534
2011-12-30,99.81,0,0,0.46999975004969136
2012-01-06,102.39,0,0,0.22360406288031962
2012-01-13,100.43,0,0,0.47704690039174386
2012-01-20,99.95,0,0,0.2939655919569595
2012-01-27,99.35,0,0,0.21489678841609536
2012-02-03,97.8,0,0,0.2209346964812696
2012-02-10,98.56,0,0,0.22247756413301095
2012-02-17,101.73,0,0,0.18801284290863404
2012-02-24,107.18,0,0,0.05446934100870005
2012-03-02,107.52,0,0,0.07411572248951312
2012-03-09,106.32,0,0,0.04856781527383973
2012-03-16,106.15,0,0,0.024811395367699152
2012-03-23,106.41,0,0,0.024318595766560012
2012-03-30,105.12,0,0,0.03923900307821244
2012-04-06,103.52,0,0,0.06971176838072798
2012-04-13,102.55,0,0,0.14848607347671897
2012-04-20,103.15,0,0,0.22638090510016456
2012-04-27,103.78,0,0,0.24797486215270859
2012-05-04,103.47,0,0,0.4783118817539965
2012-05-11,96.98,0,0,0.38885042358749217
2012-05-18,93.11,0,0,0.19093112792997008
2012-05-25,90.88,0,0,0.3304514118404329
2012-06-01,87.06,0,0,0.4724766239613875
2012-06-08,84.43,1,1,0.6094654320749193
2012-06-15,83.27,1,1,0.6523311330251995
2012-06-22,81.11,1,1,0.6862055976448588
2012-06-29,80.23,1,1,0.8322782417629102
2012-07-06,85.74,1,1,0.8360612329439315
2012-07-13,85.78,1,1,0.8990115643333337
2012-07-20,90.34,0,1,0.6278172544203962
2012-07-27,88.88,0,1,0.5542706897733001
2012-08-03,89.1,0,0,0.44350250297498056
2012-08-10,93.14,0,0,0.18022277846040002
2012-08-17,94.43,0,0,0.12136054301957995
2012-08-24,96.22,0,0,0.26893872942951064
2012-08-31,95.68,0,0,0.34412030537500893
2012-09-07,95.68,0,0,0.3101836542055265
2012-09-14,97.56,0,0,0.16494916494489584
2012-09-21,93.7,0,0,0.4289263018339357
2012-09-28,91.35,0,1,0.5693446186597193
2012-10-05,90.81,0,1,0.6465074207793393
2012-10-12,91.42,0,1,0.8767596535016048
2012-10-19,91.59,0,1,0.889299700627811
2012-10-26,86.35,0,1,0.8460098008944257
2012-11-02,85.87,1,1,0.9278664539670977
2012-11-09,85.98,1,1,0.9410179036108302
2012-11-16,85.87,1,1,0.9150594162168209
2012-11-23,87.4,1,1,0.8864801548895729
2012-11-30,87.27,1,1,0.873127898227317
2012-12-07,87.0,1,1,0.8460801564243545
2012-12-14,85.71,0,1,0.8754323056728076
2012-12-21,88.24,0,0,0.3227050171575167
2012-12-28,90.14,0,0,0.3729661580353593
2013-01-04,92.77,0,0,0.2026702795919359
2013-01-11,93.38,0,0,0.14317544869122448
2013-01-18,94.58,0,0,0.18118226491479802
2013-01-25,95.41,0,0,0.07674135228568908
2013-02-01,97.33,0,0,0.1306317272457193
2013-02-08,96.18,0,0,0.0407632703436158
2013-02-15,96.95,0,0,0.08821062511446377
2013-02-22,94.38,0,0,0.13985727770691644
2013-03-01,92.19,0,0,0.1612286743973367
2013-03-08,91.0,0,0,0.11426776081852846
2013-03-15,92.7,0,1,0.5869490161755146
2013-03-22,93.05,0,1,0.7017007998935724
2013-03-29,96.08,1,1,0.7733070355777887
2013-04-05,95.07,1,1,0.7488502236478762
2013-04-12,93.36,1,1,0.7393918915280131
2013-04-19,88.0,1,1,0.5643162701099664
2013-04-26,91.0,1,1,0.754755451210542
2013-05-03,93.4,1,1,0.5962697758498221
2013-05-10,95.84,1,0,0.4934381268855277
2013-05-17,94.65,1,0,0.21649809363910624
2013-05-24,94.76,0,0,0.1642450611831175
2013-05-31,93.32,0,0,0.12207838030495684
2013-06-07,94.25,0,0,0.11023957610919025
2013-06-14,96.36,0,0,0.04193651216168586
2013-06-21,96.65,0,0,0.04327607278000787
2013-06-28,95.83,0,0,0.15091943733940077
2013-07-05,100.65,0,0,0.038321872854983945
2013-07-12,104.7,0,0,0.037941651078462243
2013-07-19,106.88,0,0,0.03271569124847589
2013-07-26,105.88,0,0,0.015802204400676444
2013-08-02,105.54,0,0,0.021871847294571003
2013-08-09,105.17,0,0,0.025829141546074016
2013-08-16,106.97,0,0,0.0063002705947621685
2013-08-23,105.48,0,0,0.01643745349773764
2013-08-30,108.33,0,0,0.014533589587249252
2013-09-06,108.77,0,0,0.009620657790462128
2013-09-13,108.36,0,0,0.030477469903998525
2013-09-20,106.22,0,0,0.06647304750145136
2013-09-27,103.1,0,0,0.1839910803347275
2013-10-04,103.14,0,1,0.686406280575097
2013-10-11,102.7,0,1,0.5426712268598903
2013-10-18,101.51,0,1,0.6568623071941582
2013-10-25,97.57,0,1,0.6601473841970928
2013-11-01,96.94,0,0,0.4206436924937636
2013-11-08,94.31,1,0,0.43664540906865185
2013-11-15,93.94,1,1,0.6383581821086787
2013-11-22,93.92,1,1,0.8364731069744689
2013-11-29,92.97,1,1,0.8398780761932488
2013-12-06,96.21,1,1,0.8366819176195196
2013-12-13,97.23,1,1,0.920151977419737
2013-12-20,97.85,1,1,0.8173961703516013
2013-12-27,99.15,1,1,0.7109317684951835
2014-01-03,96.47,0,1,0.7162454054366917
2014-01-10,92.42,0,1,0.7537200616250104
2014-01-17,92.98,0,1,0.7680616102382424
2014-01-24,96.19,0,1,0.6300914900252585
2014-01-31,97.29,0,1,0.7526034886044853
2014-02-07,97.78,0,1,0.674266874271941
2014-02-14,100.21,0,1,0.6951735166313414
2014-02-21,102.93,0,1,0.6169032501138624
2014-02-28,102.77,0,1,0.5242508262939641
2014-03-07,103.07,0,0,0.2572336322684459
2014-03-14,99.55,0,1,0.58133083525512
2014-03-21,99.77,0,1,0.7158926627535843
2014-03-28,100.66,0,1,0.8251791776966033
2014-04-04,100.46,1,1,0.8714330494210849
2014-04-11,102.72,1,1,0.8173773743146032
2014-04-18,103.95,1,1,0.6805360877719954
2014-04-25,102.11,0,1,0.6445748625356403
2014-05-02,100.51,0,1,0.7575188489471231
2014-05-09,100.29,0,1,0.8803507201068628
2014-05-16,101.92,0,1,0.8038772262464429
2014-05-23,103.82,0,0,0.3640794201193032
2014-05-30,103.95,0,0,0.3319058970542119
2014-06-06,103.23,0,0,0.4012177251425131
2014-06-13,105.97,0,0,0.15290948793712633
2014-06-20,107.23,0,0,0.0401678545539143
2014-06-27,106.69,0,0,0.11702946824409349
2014-07-04,105.52,0,0,0.1264609007981385
2014-07-11,103.25,0,0,0.218865290212947
2014-07-18,102.37,0,0,0.14116790440591614
2014-07-25,104.35,0,0,0.44793473123369393
2014-08-01,102.19,0,0,0.46697155297159254
2014-08-08,97.5,0,0,0.49171761307625556
2014-08-15,97.17,0,1,0.5565476048354226
2014-08-22,94.95,0,1,0.7802654054041133
2014-08-29,96.25,0,1,0.7150915187302122
2014-09-05,94.06,0,1,0.7271717741599237
2014-09-12,92.43,0,1,0.8227872889012325
2014-09-19,93.52,0,1,0.9130291461801963
2014-09-26,93.15,0,1,0.9363394959359411
2014-10-03,91.44,0,1,0.9106647707539228
2014-10-10,87.63,0,1,0.9449144910976567
2014-10-17,82.88,0,1,0.9605132182004075
2014-10-24,82.12,0,1,0.9611396411955719
2014-10-31,81.29,0,1,0.9411301923544906
2014-11-07,78.24,0,1,0.9700721159672925
2014-11-14,76.5,0,1,0.9671731408645015
2014-11-21,75.38,0,1,0.970520498644288
2014-11-28,72.36,0,1,0.9707154819656608
2014-12-05,67.18,0,1,0.9799560862135673
2014-12-12,61.14,1,1,0.9804574080023805
2014-12-19,55.89,1,1,0.9812610003541864
2014-12-26,55.58,1,1,0.9817940994835225
2015-01-02,53.44,1,1,0.9919176523816965
2015-01-09,48.77,1,1,0.9926634486349467
2015-01-16,47.07,1,1,0.9926634486349467
2015-01-23,46.46,1,1,0.9926846721498218
2015-01-30,45.32,1,1,0.9877445382051541
2015-02-06,50.58,1,1,0.9819386686554029
2015-02-13,51.14,1,1,0.9696757870589181
2015-02-20,51.69,1,1,0.9032305063328332
2015-02-27,49.16,1,1,0.8824763275023165
2015-03-06,50.38,1,1,0.8019605618298011
2015-03-13,47.69,0,1,0.8736436638505521
2015-03-20,44.39,0,1,0.9405053075130931
2015-03-27,48.68,0,1,0.7321175915002421
2015-04-03,48.91,0,1,0.7838625622250444
2015-04-10,51.78,0,0,0.3457171914190487
2015-04-17,54.78,0,0,0.4422182681374214
2015-04-24,56.14,0,0,0.12422179510649396
2015-05-01,57.98,0,0,0.06903326873054862
2015-05-08,59.73,0,0,0.02811750202650088
2015-05-15,60.01,0,0,0.024217778425095416
2015-05-22,58.95,0,0,0.04554768520589182
2015-05-29,58.19,0,0,0.04944969608697578
2015-06-05,59.66,0,0,0.058815760098149206
2015-06-12,60.07,0,0,0.09471380992892067
2015-06-19,59.89,0,0,0.1281885732906713
2015-06-26,60.01,0,0,0.2703918306184256
2015-07-03,57.92,0,1,0.6062880301298662
2015-07-10,52.38,0,1,0.7909383441347084
2015-07-17,51.68,0,1,0.8412096254222273
2015-07-24,49.21,0,1,0.8547185434028968
2015-07-31,47.91,0,1,0.859634970399842
2015-08-07,44.94,1,1,0.9158975525895074
2015-08-14,43.2,1,1,0.8596982307168473
2015-08-21,41.34,1,1,0.8632655919745723
2015-08-28,40.73,1,1,0.8632655919745723
2015-09-04,46.73,1,1,0.8069975657912429
2015-09-11,45.16,0,1,0.8472629230401562
2015-09-18,45.48,0,1,0.6794286443312291
2015-09-25,45.57,0,1,0.5558934789804267
2015-10-02,45.0,0,0,0.40843608428655476
2015-10-09,48.36,0,0,0.08182458897338939
2015-10-16,46.82,0,0,0.057802499092901624
2015-10-23,45.16,0,0,0.10663692470384548
2015-10-30,44.99,0,0,0.24953725839055724
2015-11-06,45.98,0,0,0.3537512282161266
2015-11-13,42.7,0,1,0.813405534415092
2015-11-20,40.62,0,1,0.9449790631533286
2015-11-27,40.49,0,1,0.9513518289357931
2015-12-04,40.4,0,1,0.9655224971901133
2015-12-11,36.93,0,1,0.9669129312177809
2015-12-18,35.78,0,1,0.9677463049682041
2015-12-25,36.26,0,1,0.9740966493931319
2016-01-01,36.99,0,1,0.9869248405364833
2016-01-08,34.65,1,1,0.9831349121973112
2016-01-15,30.59,1,1,0.979495326466556
2016-01-22,29.19,1,1,0.9787030204301161
2016-01-29,31.81,1,1,0.9866767411348308
2016-02-05,31.26,1,1,0.97089775475387
2016-02-12,28.14,1,1,0.9526978958737169
2016-02-19,30.02,1,1,0.9555937409467868
2016-02-26,31.32,1,1,0.921495894970648
2016-03-04,34.43,1,1,0.790431363530943
2016-03-11,37.69,0,1,0.5438906936715694
2016-03-18,38.32,0,0,0.12290144371353712
2016-03-25,39.45,0,0,0.14730127420297087
2016-04-01,36.82,0,0,0.02475338611670312
2016-04-08,36.72,0,0,0.02561946558166689
2016-04-15,41.23,0,0,0.03457432124387693
2016-04-22,41.86,0,0,0.027190134439118167
2016-04-29,44.3,0,0,0.08704350049419206
2016-05-06,44.22,0,0,0.0756068924477155
2016-05-13,45.44,0,0,0.07639060971068545
2016-05-20,47.99,0,0,0.06304871144091155
2016-05-27,48.72,0,0,0.04403738725282047
2016-06-03,49.0,0,0,0.03377509212078442
2016-06-10,50.18,0,0,0.04100674543489046
2016-06-17,47.89,0,0,0.0800888183842232
2016-06-24,48.71,0,0,0.056216696885798806
2016-07-01,48.17,0,0,0.24248249089876936
2016-07-08,46.17,0,0,0.39992577526613643
2016-07-15,45.6,0,1,0.5667976240256221
2016-07-22,44.44,0,1,0.7060418921526798
2016-07-29,41.83,1,1,0.8049793511776248
2016-08-05,40.82,1,1,0.5970396697425763
2016-08-12,43.11,1,1,0.8907722867169359
2016-08-19,47.16,1,1,0.7658069017635525
2016-08-26,47.05,1,1,0.6220244732113255
2016-09-02,45.11,0,0,0.44866244008239337
2016-09-09,45.96,0,1,0.5340535799780209
2016-09-16,44.34,0,0,0.24952763126839647
2016-09-23,44.59,0,0,0.10590273121987047
2016-09-30,46.55,0,0,0.14144382672605738
2016-10-07,49.48,0,0,0.051703242678683356
2016-10-14,50.29,0,0,0.12820081274665554
2016-10-21,50.56,0,0,0.07656615281595706
2016-10-28,49.36,1,0,0.07925673097977817
2016-11-04,45.51,1,0,0.2749910847638335
2016-11-11,44.61,1,1,0.6518172678637478
2016-11-18,45.15,1,1,0.8385290224741663
2016-11-25,47.25,0,1,0.8574721187944425
2016-12-02,48.63,0,1,0.8405717663217006
2016-12-09,50.97,0,1,0.5009451907277402
2016-12-16,51.91,0,0,0.3421022442799928
2016-12-23,51.95,0,0,0.15763236266896097
2016-12-30,53.6,0,0,0.1449476478915554
2017-01-06,53.34,0,0,0.13181653265768353
2017-01-13,52.07,0,0,0.11111709470129001
2017-01-20,51.82,0,0,0.17159498028154077
2017-01-27,52.74,0,0,0.26537524390479783
2017-02-03,53.33,0,0,0.09513300940491035
2017-02-10,52.88,0,0,0.18148447164867054
2017-02-17,53.22,0,0,0.14492704283417548
2017-02-24,54.03,0,0,0.09994987739839264
2017-03-03,53.56,0,0,0.1142973571734945
2017-03-10,50.5,0,1,0.7465754971603191
2017-03-17,48.03,0,1,0.8209795559697796
2017-03-24,47.28,0,1,0.7847257968816591
2017-03-31,49.14,0,1,0.9276554637598463
2017-04-07,51.26,0,1,0.9439605692274944
2017-04-14,53.19,0,1,0.7075436710574129
2017-04-21,51.09,0,1,0.8430712268556314
2017-04-28,49.12,0,1,0.6962473804046074
2017-05-05,47.21,0,1,0.69258820047322
2017-05-12,47.04,0,1,0.7271238405345356
2017-05-19,49.24,0,1,0.8375771305599546
2017-05-26,50.21,1,1,0.7134937181823088
2017-06-02,48.48,1,1,0.8351884984649113
2017-06-09,46.57,1,1,0.8873107889372754
2017-06-16,45.3,1,1,0.9214161659133102
2017-06-23,43.09,1,1,0.9597946107602381
2017-06-30,44.63,1,1,0.9724043772132498
2017-07-07,44.96,1,1,0.9697954250931158
2017-07-14,45.51,1,1,0.9443372095202652
2017-07-21,46.41,1,1,0.9614095627180036
2017-07-28,48.27,1,1,0.8978688126939707
2017-08-04,49.52,1,1,0.9372369354252763
2017-08-11,49.08,1,1,0.6432057286316016
2017-08-18,47.52,1,0,0.37950746578225797
2017-08-25,47.68,0,0,0.4080746517114669
2017-09-01,46.68,0,1,0.6728530866285096
2017-09-08,48.58,0,1,0.6839620240849645
2017-09-15,49.07,0,1,0.6476048246069994
2017-09-22,50.12,0,1,0.5882128313956638
2017-09-29,51.77,0,1,0.5205187500604485
2017-10-06,50.23,0,1,0.577131656415181
2017-10-13,50.77,0,0,0.4551035398680638
2017-10-20,51.74,0,0,0.22032366520711785
2017-10-27,52.51,0,0,0.08609085661641976
2017-11-03,54.59,0,0,0.018747164218041526
2017-11-10,57.05,0,0,0.030243171075145844
2017-11-17,55.81,0,0,0.0282190242816894
2017-11-24,57.47,0,0,0.05312640618594547
2017-12-01,57.81,0,0,0.02684086891996985
2017-12-08,56.92,0,0,0.06242823458348829
2017-12-15,57.17,0,0,0.05790367241332787
2017-12-22,57.87,0,0,0.05974576449228048
2017-12-29,59.88,0,0,0.05108346483938243
2018-01-05,61.36,0,0,0.08580755630961598
2018-01-12,63.26,0,0,0.0606369626423081
2018-01-19,63.77,0,0,0.057497182113270234
2018-01-26,65.14,0,0,0.025635280881575403
2018-02-02,65.32,0,0,0.007322289317274398
2018-02-09,62.01,0,0,0.058716462951071795
2018-02-16,60.56,0,0,0.16797396628227929
2018-02-23,62.47,1,0,0.20898943169564058
2018-03-02,62.07,1,0,0.21368904355254117
2018-03-09,61.65,1,0,0.24814598250638592
2018-03-16,61.28,1,0,0.4505849516280304
2018-03-23,64.11,1,0,0.21826249699699396
2018-03-30,64.97,1,0,0.14610554904795237
2018-04-06,63.07,0,0,0.3129551336049867
2018-04-13,66.02,0,0,0.04079534850053976
2018-04-20,67.55,0,0,0.056132089888879765
2018-04-27,67.91,0,0,0.03913987025711159
2018-05-04,68.38,0,0,0.02215894762239175
2018-05-11,70.56,0,0,0.026871003811542053
2018-05-18,71.3,0,0,0.011564637562882282
2018-05-25,70.98,0,0,0.010479112218351957
2018-06-01,66.96,0,0,0.21314810529237943
2018-06-08,65.35,0,0,0.07295045274325787
2018-06-15,66.21,0,0,0.20263156132812898
2018-06-22,66.32,0,0,0.4328067216584448
2018-06-29,74.03,0,0,0.075188379282692
2018-07-06,73.73,0,0,0.07400190752042611
2018-07-13,71.96,0,0,0.07832615869623623
2018-07-20,68.95,0,0,0.23651219790290917
2018-07-27,70.01,0,0,0.16515004336659933
2018-08-03,69.46,0,0,0.24828668878079213
2018-08-10,67.9,1,0,0.14461983305703338
2018-08-17,66.15,1,0,0.34115708124140204
2018-08-24,68.1,1,1,0.5658328141742192
2018-08-31,69.66,0,1,0.8541204006004339
2018-09-07,68.51,0,1,0.719588624857408
2018-09-14,68.96,0,1,0.709521985711752
2018-09-21,70.28,0,1,0.5263995791987509
2018-09-28,72.84,0,0,0.06893412648378315
2018-10-05,75.13,0,0,0.039266928169267266
2018-10-12,72.96,0,0,0.07613404109375617
2018-10-19,70.24,0,0,0.09700023718182968
2018-10-26,67.43,0,0,0.13985788425853157
2018-11-02,65.06,0,0,0.21772965896997945
2018-11-09,61.57,0,1,0.5511011350247712
2018-11-16,56.92,0,1,0.6046418928878804
2018-11-23,54.99,0,1,0.5879897845999831
2018-11-30,51.01,0,1,0.6938461799393052
2018-12-07,52.63,1,1,0.7187936922644567
2018-12-14,51.54,1,1,0.8026831340549279
2018-12-21,46.98,1,1,0.8499670159653557
2018-12-28,45.22,1,1,0.8495847437985071
2019-01-04,47.0,1,1,0.9470521692198404
2019-01-11,50.78,1,1,0.9615841630170093
2019-01-18,51.92,1,1,0.9473759084640245
2019-01-25,52.88,1,1,0.7189667307946331
2019-02-01,53.63,0,1,0.6583732606108618
2019-02-08,53.53,0,0,0.19905629164950697
2019-02-15,53.88,0,0,0.07733107412419368
2019-02-22,56.74,0,0,0.1497027252740843
2019-03-01,56.12,0,0,0.16676580873788957
2019-03-08,56.35,0,0,0.26965811265047
2019-03-15,57.81,0,0,0.3639778711527445
2019-03-22,59.44,0,0,0.433631228752916
2019-03-29,59.49,0,0,0.3990381499203817
2019-04-05,62.36,0,0,0.16596758777792908
2019-04-12,64.1,0,0,0.2311763205255422
2019-04-19,63.8,0,0,0.12213025135562434
2019-04-26,65.28,0,0,0.09588527231201649
2019-05-03,62.9,0,0,0.1908755156082066
2019-05-10,61.81,0,0,0.10483777907770135
2019-05-17,62.1,0,0,0.3335573870641797
2019-05-24,60.72,0,0,0.3194309807983443
2019-05-31,56.93,0,0,0.2756227070689137
2019-06-07,52.97,0,1,0.6194841078399083
2019-06-14,52.52,0,1,0.6346695187001093
2019-06-21,54.75,0,1,0.7396905176630361
2019-06-28,58.38,0,1,0.8226684752770632
2019-07-05,57.32,1,1,0.7010988634006954
2019-07-12,59.02,1,1,0.5435282955720178
2019-07-19,56.74,1,1,0.5337100894261574
2019-07-26,56.05,1,1,0.5925133825942857
2019-08-02,56.55,0,0,0.26660998620499654
2019-08-09,53.28,0,0,0.4567610795907883
2019-08-16,55.31,0,0,0.17422881505825538
2019-08-23,55.5,1,0,0.39872982348508446
2019-08-30,55.21,0,0,0.37893042153046247
2019-09-06,55.73,0,0,0.30487042793689045
2019-09-13,56.16,0,0,0.4385112774939384
2019-09-20,59.33,0,0,0.46009512850904877
2019-09-27,56.9,0,0,0.3414252975849073
2019-10-04,53.12,0,1,0.7106454525081193
