Date,Close,TARGET,Predict_sell,Predict_sell_prob
1989-10-27,19.65,0,0,0.3749297270532703
1989-11-03,19.99,0,0,0.31253254044528617
1989-11-10,19.89,0,0,0.2850535504927941
1989-11-17,19.74,0,0,0.10806368397669823
1989-11-24,20.02,0,0,0.22750181648879875
1989-12-01,19.7,0,0,0.11714646580859803
1989-12-08,20.36,0,0,0.4350975082047828
1989-12-15,20.81,0,1,0.5165903573389342
1989-12-22,21.76,0,1,0.6129944165261534
1989-12-29,21.78,0,1,0.6133655840460974
1990-01-05,23.29,1,1,0.6475637747885913
1990-01-12,22.62,1,1,0.6441981500125021
1990-01-19,22.71,1,1,0.7736684818917229
1990-01-26,23.08,1,1,0.7261134165538314
1990-02-02,22.7,1,1,0.6653591456429438
1990-02-09,22.23,1,1,0.7745568363489226
1990-02-16,22.27,1,1,0.7390175671094148
1990-02-23,21.81,1,0,0.34681874837176785
1990-03-02,21.51,0,0,0.12265795197369449
1990-03-09,21.01,0,0,0.06092294487584051
1990-03-16,20.19,0,0,0.10201563453855181
1990-03-23,19.73,0,0,0.03810791492536936
1990-03-30,20.26,0,0,0.05349312981199202
1990-04-06,19.83,0,0,0.040600731076095034
1990-04-13,17.96,0,0,0.02203293640926828
1990-04-20,17.6,0,0,0.014903174529638451
1990-04-27,18.2,0,0,0.054375897193095914
1990-05-04,18.37,0,0,0.03696747908880495
1990-05-11,18.71,0,0,0.1352205940022645
1990-05-18,19.19,0,0,0.13009753175384509
1990-05-25,16.83,0,0,0.020206114060913282
1990-06-01,17.72,0,0,0.06155969398982658
1990-06-08,16.77,0,0,0.025298336511938718
1990-06-15,17.11,0,0,0.023617270597303053
1990-06-22,15.9,0,0,0.02841508180809082
1990-06-29,16.84,0,0,0.022159886620839706
1990-07-06,16.68,0,0,0.019684953059066413
1990-07-13,17.64,0,0,0.05402351170502222
1990-07-20,18.83,0,0,0.4930466373778077
1990-07-27,19.89,0,0,0.3893278606372742
1990-08-03,21.98,0,1,0.6121231287909238
1990-08-10,27.32,0,1,0.7662004107052858
1990-08-17,27.27,0,1,0.7860353757174516
1990-08-24,30.08,0,1,0.7546107902995982
1990-08-31,27.13,0,1,0.6990221182277858
1990-09-07,29.67,0,1,0.8266338259652636
1990-09-14,30.99,1,1,0.9217472455145201
1990-09-21,34.21,1,1,0.9204196819332593
1990-09-28,39.16,1,1,0.925964252075974
1990-10-05,36.64,1,1,0.8337118027420465
1990-10-12,39.88,1,1,0.9307113388532271
1990-10-19,36.84,1,1,0.8688171131141849
1990-10-26,31.32,1,1,0.6398075090863772
1990-11-02,34.95,1,1,0.7554869144303625
1990-11-09,33.89,1,1,0.5590162671317958
1990-11-16,31.5,1,0,0.36154475905926037
1990-11-23,30.69,0,0,0.19182965283718853
1990-11-30,32.32,0,0,0.06823151446621337
1990-12-07,27.72,0,0,0.08649551992944055
1990-12-14,26.39,0,0,0.11842961347531848
1990-12-21,27.56,0,0,0.10077954133351422
1990-12-28,27.21,0,0,0.07264508919522512
1991-01-04,26.38,0,0,0.09536296284121867
1991-01-11,27.55,0,0,0.11452887559162107
1991-01-18,26.85,0,0,0.05913546720469661
1991-01-25,24.08,0,0,0.08087290407938087
1991-02-01,21.41,0,0,0.08632567223266449
1991-02-08,21.3,0,0,0.07648547611752439
1991-02-15,22.12,0,0,0.03157800177459958
1991-02-22,19.38,0,0,0.021824643267469145
1991-03-01,18.73,0,0,0.021569700809359466
1991-03-08,19.86,0,0,0.01467569639938813
1991-03-15,19.89,0,0,0.009916899567429704
1991-03-22,20.3,0,0,0.054617425738282634
1991-03-29,19.58,0,0,0.026503863080680465
1991-04-05,19.63,0,0,0.04469374985834915
1991-04-12,20.89,0,0,0.2711594814397086
1991-04-19,21.48,0,0,0.42058702798457537
1991-04-26,21.19,0,0,0.4178857475728205
1991-05-03,21.23,1,0,0.4850833181973818
1991-05-10,21.69,1,1,0.6740968465522181
1991-05-17,20.95,1,0,0.4258168396267566
1991-05-24,21.04,0,0,0.35524409254358846
1991-05-31,21.21,0,0,0.37369925658523984
1991-06-07,20.63,0,0,0.2405621251590667
1991-06-14,19.84,0,0,0.014176867640673056
1991-06-21,20.08,0,0,0.012960056904561175
1991-06-28,20.21,0,0,0.021654672188700142
1991-07-05,20.8,0,0,0.034647053605671045
1991-07-12,21.43,0,0,0.08853484217305026
1991-07-19,21.91,0,1,0.5460729042090714
1991-07-26,21.4,0,0,0.43674402171019694
1991-08-02,21.46,0,1,0.5652152144730185
1991-08-09,21.5,0,1,0.587902358756245
1991-08-16,21.44,0,1,0.60842498507955
1991-08-23,21.99,0,1,0.8049681288329866
1991-08-30,21.98,0,1,0.7675293271505251
1991-09-06,21.84,0,1,0.7345900437219363
1991-09-13,21.54,0,1,0.5981918505872805
1991-09-20,21.85,0,1,0.8106553160072767
1991-09-27,22.24,1,1,0.8144716300624885
1991-10-04,22.41,1,1,0.8303933908281765
1991-10-11,23.08,1,1,0.857104779226537
1991-10-18,23.82,1,1,0.7201135938683859
1991-10-25,23.46,1,1,0.6871725906343673
1991-11-01,23.32,1,1,0.7941992600888158
1991-11-08,23.47,1,1,0.7278894326528869
1991-11-15,22.57,1,1,0.7428467720832356
1991-11-22,22.04,0,1,0.6966590964291867
1991-11-29,21.49,0,0,0.41298853211359154
1991-12-06,20.55,0,0,0.12868666828403458
1991-12-13,19.64,0,0,0.04074413535632002
1991-12-20,19.2,0,0,0.01533158406377675
1991-12-27,18.68,0,0,0.011314514134143857
1992-01-03,19.11,0,0,0.0206418440746356
1992-01-10,18.41,0,0,0.010414472497226305
1992-01-17,18.81,0,0,0.007703620114813529
1992-01-24,18.66,0,0,0.010897602888364296
1992-01-31,19.05,0,0,0.02347152451801492
1992-02-07,19.42,0,0,0.11727727130094812
1992-02-14,19.49,0,0,0.37878275855745447
1992-02-21,18.62,0,0,0.17566151391093093
1992-02-28,18.51,0,0,0.1876569134668453
1992-03-06,18.55,0,0,0.19654009536729755
1992-03-13,18.76,0,0,0.2989850883534211
1992-03-20,19.1,0,0,0.4886608935570104
1992-03-27,19.09,0,1,0.5161944790548072
1992-04-03,19.73,0,0,0.47707943504990963
1992-04-10,20.43,0,0,0.4724163842884788
1992-04-17,20.06,0,0,0.3467156082364819
1992-04-24,20.06,0,0,0.37038441332099326
1992-05-01,20.63,0,1,0.5549967111337004
1992-05-08,20.86,0,1,0.531144373295122
1992-05-15,20.8,0,0,0.33961315718272894
1992-05-22,20.49,1,0,0.41418435530228437
1992-05-29,21.98,1,1,0.7902687964878223
1992-06-05,22.38,1,1,0.7954124496108093
1992-06-12,22.35,1,1,0.80753927531717
1992-06-19,22.26,1,1,0.8651239447608782
1992-06-26,22.68,1,1,0.8413504410449864
1992-07-03,22.03,1,1,0.8547821188066076
1992-07-10,21.48,0,1,0.7157442339507447
1992-07-17,21.58,0,0,0.4928034197534891
1992-07-24,21.95,0,1,0.6236869868516047
1992-07-31,21.95,0,0,0.47314615872625326
1992-08-07,21.34,0,0,0.057682183439084295
1992-08-14,21.18,0,0,0.0267162144706702
1992-08-21,21.39,0,0,0.1646051861189218
1992-08-28,21.43,0,0,0.12714072873959953
1992-09-04,21.66,0,0,0.2784016133850967
1992-09-11,21.94,0,1,0.5222409494665063
1992-09-18,22.21,1,1,0.8003144635864127
1992-09-25,21.71,1,1,0.6190744138151196
1992-10-02,21.81,1,1,0.684390084285754
1992-10-09,21.9,1,1,0.7686269362415553
1992-10-16,22.25,1,1,0.716387271577234
1992-10-23,21.58,0,0,0.3252711905239947
1992-10-30,20.95,0,0,0.29149511124833305
1992-11-06,20.52,0,0,0.12517663517059874
1992-11-13,20.37,0,0,0.109166959697203
1992-11-20,20.35,0,0,0.029757140834984114
1992-11-27,20.16,0,0,0.00954490710552894
1992-12-04,19.38,0,0,0.0330090869020308
1992-12-11,19.01,0,0,0.03414582909237425
1992-12-18,19.38,0,0,0.030900628963620867
1992-12-25,19.91,0,0,0.01795789692493308
1993-01-01,19.63,0,0,0.08225319850857217
1993-01-08,19.0,0,0,0.09263449374110112
1993-01-15,18.62,0,0,0.11509967982098614
1993-01-22,18.61,0,0,0.06103946616151091
1993-01-29,19.9,0,0,0.3131765479044443
1993-02-05,20.22,0,0,0.3596515254469272
1993-02-12,20.13,0,0,0.49173743700409916
1993-02-19,19.51,0,1,0.6365037893622209
1993-02-26,20.4,0,1,0.6416087215335908
1993-03-05,20.69,1,1,0.716869557323739
1993-03-12,20.45,1,1,0.7170889968242
1993-03-19,20.14,1,1,0.592550458379673
1993-03-26,20.0,1,1,0.6008945500624965
1993-04-02,20.44,1,1,0.6227451252094818
1993-04-09,20.37,1,1,0.6037130891324128
1993-04-16,20.28,1,1,0.5855774352766657
1993-04-23,19.95,1,0,0.33279698222293863
1993-04-30,20.3,0,0,0.49595658468986387
1993-05-07,20.47,0,1,0.5866628707434749
1993-05-14,20.06,0,0,0.1056755540477135
1993-05-21,19.43,0,0,0.07678403334419914
1993-05-28,19.84,0,0,0.06855155988954213
1993-06-04,19.95,0,0,0.1265333296356855
1993-06-11,19.43,0,0,0.18480476821791814
1993-06-18,18.76,0,0,0.110161688485804
1993-06-25,18.52,0,0,0.028657751141533867
1993-07-02,18.61,0,0,0.01825237196044689
1993-07-09,18.02,0,0,0.059520186397187494
1993-07-16,17.72,0,0,0.022849100040998577
1993-07-23,17.54,0,0,0.026224806809602673
1993-07-30,18.18,0,0,0.07410607943683209
1993-08-06,17.67,0,0,0.04636515962614077
1993-08-13,17.87,0,0,0.0726784558290904
1993-08-20,17.84,0,0,0.1278402136270803
1993-08-27,18.49,0,0,0.3795983578973221
1993-09-03,18.1,0,0,0.41572528956500127
1993-09-10,16.96,0,0,0.05726676198094782
1993-09-17,16.94,0,0,0.1622450333655047
1993-09-24,17.67,1,0,0.37614503448477976
1993-10-01,18.33,1,0,0.46700935098627094
1993-10-08,18.46,1,0,0.45683929338364215
1993-10-15,18.57,1,1,0.7386685310430707
1993-10-22,18.12,1,0,0.4125172355583363
1993-10-29,17.37,0,0,0.09127783449276568
1993-11-05,17.29,0,0,0.2358291035067088
1993-11-12,16.71,0,0,0.0609735592738829
1993-11-19,16.75,0,0,0.0481465396106598
1993-11-26,16.08,0,0,0.01826973365148869
1993-12-03,15.21,0,0,0.01745025075506021
1993-12-10,14.68,0,0,0.01367518138879292
1993-12-17,14.31,0,0,0.013137008773225116
1993-12-24,14.4,0,0,0.00808527320903452
1993-12-31,14.21,0,0,0.00808527320903452
1994-01-07,15.03,0,0,0.010334801944054626
1994-01-14,14.67,0,0,0.00922629619962191
1994-01-21,15.02,0,0,0.06011613515720044
1994-01-28,15.34,1,0,0.2920459170308711
1994-02-04,15.76,1,0,0.40266497449244504
1994-02-11,14.87,0,1,0.5005146421217251
1994-02-18,14.13,0,0,0.1590303013513116
1994-02-25,14.44,0,0,0.28005473859683694
1994-03-04,14.68,0,0,0.18559392214591847
1994-03-11,14.24,0,0,0.06962411809374522
1994-03-18,14.82,0,0,0.26191859123468614
1994-03-25,15.15,0,0,0.33448973008936644
1994-04-01,14.44,0,0,0.06311802000091225
1994-04-08,15.65,0,0,0.32313220593864295
1994-04-15,16.07,0,1,0.5063485361558467
1994-04-22,17.02,0,0,0.310613723562859
1994-04-29,16.93,0,0,0.3818001907420988
1994-05-06,17.2,0,0,0.4205906474747989
1994-05-13,17.93,0,1,0.7231395709851944
1994-05-20,18.21,0,1,0.7248184596899615
1994-05-27,18.14,0,1,0.7546016038348783
1994-06-03,18.24,0,1,0.7565685211656462
1994-06-10,18.26,1,1,0.7532972136663508
1994-06-17,19.61,1,1,0.6497423082102138
1994-06-24,19.8,1,1,0.6077397892982356
1994-07-01,19.16,1,1,0.6608206820930936
1994-07-08,19.39,1,1,0.6329306637402995
1994-07-15,20.16,1,1,0.5716762601174032
1994-07-22,19.39,1,1,0.5123441231715499
1994-07-29,19.66,0,0,0.3354084831582634
1994-08-05,20.09,0,0,0.2847009905955435
1994-08-12,18.88,0,0,0.15668143082503858
1994-08-19,17.85,0,0,0.06552369637607737
1994-08-26,17.23,0,0,0.028000585142099944
1994-09-02,17.52,0,0,0.02260124644424869
1994-09-09,17.65,0,0,0.016979035753644282
1994-09-16,16.93,0,0,0.0358987044364307
1994-09-23,17.38,0,0,0.007028354711728848
1994-09-30,17.83,0,0,0.03388525990110755
1994-10-07,18.13,0,0,0.07583435171285399
1994-10-14,17.37,0,0,0.0838520227272575
1994-10-21,17.35,1,0,0.24534531313806668
1994-10-28,17.93,1,1,0.5629411981228022
1994-11-04,18.69,1,1,0.6132985363554432
1994-11-11,18.25,0,0,0.49707942727902454
1994-11-18,17.51,0,0,0.3132881887125635
1994-11-25,17.73,0,1,0.664525967384771
1994-12-02,17.78,0,1,0.5034846061730764
1994-12-09,16.99,0,0,0.04763827013232021
1994-12-16,16.86,0,0,0.0989881067725529
1994-12-23,17.1,0,0,0.06290607462498221
1994-12-30,17.71,0,0,0.1742570290819992
1995-01-06,17.62,0,0,0.05395258478597084
1995-01-13,17.55,0,0,0.10262239341578573
1995-01-20,18.45,0,0,0.3137681734677584
1995-01-27,18.34,0,0,0.24234182965857026
1995-02-03,18.5,0,0,0.3000415582165104
1995-02-10,18.42,0,0,0.32110536234052495
1995-02-17,18.55,0,0,0.3109245541133984
1995-02-24,18.75,0,0,0.4848288872260003
1995-03-03,18.5,0,0,0.2559516604268758
1995-03-10,18.27,0,0,0.4210750657102007
1995-03-17,18.13,0,0,0.310088065561466
1995-03-24,18.69,0,0,0.28970544515986174
1995-03-31,19.12,0,0,0.34303050764075393
1995-04-07,19.43,1,1,0.6213484928822708
1995-04-14,19.53,1,1,0.6727738780896033
1995-04-21,20.26,1,1,0.6354954342847305
1995-04-28,20.29,1,1,0.6345461567644631
1995-05-05,20.24,1,1,0.7539386763369768
1995-05-12,19.74,1,1,0.8444549083078569
1995-05-19,19.98,1,1,0.7183910160756252
1995-05-26,19.37,0,1,0.5645024330025686
1995-06-02,18.92,0,0,0.20748304558989888
1995-06-09,19.05,0,0,0.19845849111094402
1995-06-16,18.91,0,0,0.05618036510701653
1995-06-23,17.88,0,0,0.07495132515574869
1995-06-30,17.71,0,0,0.032875580396987125
1995-07-07,17.28,0,0,0.03501897650917737
1995-07-14,17.34,0,0,0.04278697566734343
1995-07-21,17.21,0,0,0.051218055283898584
1995-07-28,17.41,0,0,0.02816822993998392
1995-08-04,17.72,0,0,0.03135947197642161
1995-08-11,17.81,0,0,0.07819106127379218
1995-08-18,17.6,0,0,0.20664653901039196
1995-08-25,19.02,0,1,0.6540715898312561
1995-09-01,17.88,1,1,0.7995091933749681
1995-09-08,18.37,1,1,0.6367973442519418
1995-09-15,18.72,1,1,0.5633782640877572
1995-09-22,18.32,0,1,0.6966441766015438
1995-09-29,17.55,0,1,0.506867282120324
1995-10-06,17.29,0,0,0.13349899678366414
1995-10-13,17.28,0,0,0.09886508851131987
1995-10-20,17.51,0,0,0.1333098913201527
1995-10-27,17.56,0,0,0.05180546045883459
1995-11-03,17.79,0,0,0.09627081107223522
1995-11-10,17.76,0,0,0.13277855028692753
1995-11-17,18.06,0,0,0.48774817962938305
1995-11-24,17.99,0,0,0.44079005242102876
1995-12-01,18.32,0,1,0.5158472471951171
1995-12-08,18.74,0,1,0.6226096738292466
1995-12-15,19.02,1,1,0.614038741496313
1995-12-22,19.12,1,1,0.5806185109969336
1995-12-29,19.44,1,1,0.6731036128952798
1996-01-05,19.99,0,1,0.7259739702562565
1996-01-12,19.43,0,1,0.6333819844117619
1996-01-19,18.64,0,0,0.39166248518194996
1996-01-26,18.35,0,0,0.38823409256575536
1996-02-02,17.64,0,0,0.1217370170878391
1996-02-09,17.72,0,0,0.00989365489195998
1996-02-16,18.8,0,0,0.13103292537776726
1996-02-23,21.45,0,1,0.6486453790408635
1996-03-01,19.49,0,0,0.34238193655770643
1996-03-08,19.72,0,1,0.5714521406805464
1996-03-15,20.8,0,1,0.729821156595654
1996-03-22,23.16,0,1,0.7465749693355778
1996-03-29,22.03,1,1,0.784323036953878
1996-04-05,22.49,1,1,0.8570015074012937
1996-04-12,23.95,1,1,0.8326494630295252
1996-04-19,24.34,1,1,0.8120693500099551
1996-04-26,23.8,1,1,0.8031285338009841
1996-05-03,21.16,0,0,0.4387002179693594
1996-05-10,20.98,0,0,0.37530368674580766
1996-05-17,21.06,0,0,0.19118760078024644
1996-05-24,22.24,0,0,0.12305823777592895
1996-05-31,20.37,0,0,0.025654521839863727
1996-06-07,20.04,0,0,0.02402584545948535
1996-06-14,20.15,0,0,0.02928861575118037
1996-06-21,20.95,0,0,0.01097342379821311
1996-06-28,20.55,0,0,0.022797319307120364
1996-07-05,21.4,0,0,0.12399060038081541
1996-07-12,21.65,0,0,0.20883843637258034
1996-07-19,21.8,0,0,0.4868830026392472
1996-07-26,20.96,0,0,0.28641013386051356
1996-08-02,20.66,0,0,0.32203696738636306
1996-08-09,21.35,0,1,0.6119227930697189
1996-08-16,22.25,0,1,0.7806604797018856
1996-08-23,22.5,0,1,0.7419646398447511
1996-08-30,21.82,0,0,0.41225292829671534
1996-09-06,23.48,0,1,0.6954726105088351
1996-09-13,24.42,0,1,0.6702760899942493
1996-09-20,23.52,1,1,0.6727545387856626
1996-09-27,24.33,1,1,0.7175439816181
1996-10-04,24.44,1,1,0.7081516046399916
1996-10-11,24.93,1,1,0.7082238628428789
1996-10-18,25.45,1,1,0.6873527607337571
1996-10-25,25.15,0,1,0.6271257970601944
1996-11-01,23.91,0,1,0.6146741185005337
1996-11-08,22.92,0,0,0.10948722313106463
1996-11-15,23.9,0,0,0.08143247562011265
1996-11-22,24.03,0,0,0.12533246858988215
1996-11-29,24.21,0,0,0.11548269844840034
1996-12-06,25.14,0,0,0.24535112357439703
1996-12-13,24.2,0,0,0.10364136246385115
1996-12-20,26.02,0,0,0.3802967570807927
1996-12-27,25.44,1,1,0.641761999927797
1997-01-03,25.59,1,1,0.6457508804589841
1997-01-10,26.3,1,1,0.7268479902302883
1997-01-17,25.42,1,1,0.5980223949223387
1997-01-24,24.4,1,0,0.49861996431886857
1997-01-31,24.24,0,0,0.21823653768667975
1997-02-07,23.49,0,0,0.09137769951330064
1997-02-14,22.21,0,0,0.05048071795583369
1997-02-21,22.18,0,0,0.041984367744833696
1997-02-28,20.83,0,0,0.033314197530826054
1997-03-07,20.77,0,0,0.02535405585288247
1997-03-14,20.64,0,0,0.021810517391598793
1997-03-21,21.72,0,0,0.03879836165923711
1997-03-28,20.83,0,0,0.0298448499858126
1997-04-04,19.76,0,0,0.02121522285215955
1997-04-11,19.38,0,0,0.012251861684625037
1997-04-18,19.65,0,0,0.04123324018733392
1997-04-25,19.85,0,0,0.03762785150915748
1997-05-02,19.99,0,0,0.17142282644946621
1997-05-09,19.94,1,0,0.19982267178374857
1997-05-16,21.45,1,1,0.6210392194803779
1997-05-23,21.43,0,0,0.49639574579338924
1997-05-30,20.9,0,1,0.5181147262178042
1997-06-06,20.12,0,0,0.3964879253384938
1997-06-13,18.88,0,0,0.14852045334127414
1997-06-20,18.93,0,0,0.050825648997239736
1997-06-27,19.0,0,0,0.020516945872554405
1997-07-04,19.95,0,0,0.11841980829882158
1997-07-11,19.44,0,0,0.033085924265382545
1997-07-18,19.49,0,0,0.039388289006064094
1997-07-25,19.52,0,0,0.02641361192236727
1997-08-01,20.13,0,0,0.21243297893377847
1997-08-08,20.35,0,1,0.5729372552286113
1997-08-15,19.99,0,1,0.5063414391577379
1997-08-22,19.92,0,1,0.7168525997481474
1997-08-29,19.5,0,0,0.35875477926485416
1997-09-05,19.61,0,0,0.22403409505809926
1997-09-12,19.44,0,0,0.14587187201642432
1997-09-19,19.44,0,0,0.11736931190425848
1997-09-26,20.12,1,1,0.5295560115809771
1997-10-03,21.62,1,1,0.717684329048927
1997-10-10,22.01,1,1,0.5934896049996676
1997-10-17,21.03,1,1,0.8201106917220815
1997-10-24,21.0,1,1,0.8484205380932052
1997-10-31,20.92,1,1,0.7874855288261534
1997-11-07,20.65,1,1,0.7974651817202068
1997-11-14,20.66,1,1,0.8324911496597474
1997-11-21,19.81,1,0,0.35174100318050205
1997-11-28,19.3,0,0,0.2542652998867959
1997-12-05,18.69,0,0,0.02306821873580669
1997-12-12,18.44,0,0,0.017243885919668443
1997-12-19,18.31,0,0,0.013092055012201339
1997-12-26,18.31,0,0,0.010960343530147987
1998-01-02,17.58,0,0,0.01554670035280115
1998-01-09,16.83,0,0,0.012219948732620731
1998-01-16,16.47,0,0,0.01164899048624508
1998-01-23,16.02,0,0,0.01420969350348882
1998-01-30,17.3,0,0,0.013463643271481352
1998-02-06,16.65,0,0,0.04566524956447469
1998-02-13,16.25,0,0,0.042823994616390935
1998-02-20,16.03,0,0,0.062254611014843864
1998-02-27,15.3,0,0,0.02247772465737772
1998-03-06,15.23,0,0,0.03227645691072425
1998-03-13,14.4,0,0,0.018753729881058584
1998-03-20,14.04,0,0,0.022280601454855237
1998-03-27,16.42,0,0,0.13278971951923516
1998-04-03,15.98,0,0,0.08688006870355221
1998-04-10,15.55,0,0,0.06106867456055957
1998-04-17,15.53,1,0,0.14904696217847938
1998-04-24,14.5,1,0,0.02936900784676591
1998-05-01,15.71,1,0,0.33380087075400605
1998-05-08,15.48,1,0,0.3173976303158721
1998-05-15,15.03,0,0,0.17561701738182026
1998-05-22,13.91,0,0,0.0850771977379228
1998-05-29,14.99,0,0,0.034541405955770293
1998-06-05,15.02,0,0,0.050923778442060155
1998-06-12,13.42,0,0,0.018940770080141736
1998-06-19,12.04,0,0,0.03529357101042842
1998-06-26,14.17,0,0,0.034073904716224596
1998-07-03,14.41,0,0,0.042128072625520964
1998-07-10,13.94,0,0,0.032102843417887925
1998-07-17,14.48,0,0,0.17318762155708395
1998-07-24,13.89,0,0,0.12001418135158366
1998-07-31,14.24,0,0,0.08268200280831497
1998-08-07,13.83,0,0,0.10070381640930832
1998-08-14,13.12,0,0,0.10681595341092363
1998-08-21,13.33,0,0,0.2448935506163064
1998-08-28,13.65,0,0,0.11487052417714139
1998-09-04,13.98,0,0,0.28413726309738835
1998-09-11,14.45,0,0,0.3139826815175379
1998-09-18,14.88,1,1,0.5034689410332985
1998-09-25,15.78,1,1,0.6555547141907532
1998-10-02,15.83,1,1,0.6670784627344867
1998-10-09,15.02,1,1,0.7767222635030783
1998-10-16,14.21,1,1,0.6521075545921378
1998-10-23,13.81,0,0,0.37348835187164975
1998-10-30,14.34,0,0,0.48393358663415575
1998-11-06,14.13,0,0,0.21638461017153113
1998-11-13,13.63,0,0,0.09654431632141458
1998-11-20,12.4,0,0,0.018627415573805955
1998-11-27,11.62,0,0,0.012922848929057484
1998-12-04,11.28,0,0,0.01208115090861855
1998-12-11,11.16,0,0,0.01389520950456103
1998-12-18,11.5,0,0,0.009642127500067998
1998-12-25,11.0,0,0,0.009705910844016995
1999-01-01,11.83,0,0,0.01215976237499549
1999-01-08,12.67,0,0,0.15880506885283502
1999-01-15,12.62,0,0,0.2408894309740326
1999-01-22,12.26,0,1,0.6236307867692152
1999-01-29,12.46,0,1,0.7697671185859255
1999-02-05,12.16,0,1,0.8121047704049482
1999-02-12,11.81,0,1,0.700514715087362
1999-02-19,11.66,0,1,0.659160863280093
1999-02-26,12.36,0,0,0.4835731885062102
1999-03-05,12.9,0,1,0.613602526247615
1999-03-12,14.19,0,1,0.6084439081589426
1999-03-19,14.91,0,1,0.616713163599044
1999-03-26,15.55,0,1,0.6140364025144383
1999-04-02,16.61,0,1,0.7052806931605067
1999-04-09,16.45,0,1,0.6127465098775242
1999-04-16,16.77,0,1,0.8079867304190004
1999-04-23,17.93,0,1,0.7087311762811147
1999-04-30,18.23,0,1,0.7111370845525068
1999-05-07,18.62,0,1,0.8241362981776458
1999-05-14,18.0,0,1,0.7475983779269579
1999-05-21,17.18,0,1,0.7384646327317538
1999-05-28,17.07,0,1,0.6565428920492798
1999-06-04,16.77,0,0,0.1635104272665876
1999-06-11,17.96,0,0,0.20681436835084968
1999-06-18,18.21,0,0,0.19830050518607906
1999-06-25,18.05,0,0,0.18155581202545365
1999-07-02,19.04,0,0,0.381843929063896
1999-07-09,19.87,0,0,0.4704696854544837
1999-07-16,20.21,0,0,0.4898790736767891
1999-07-23,19.89,0,1,0.7489230335429676
1999-07-30,20.62,0,1,0.8399857804387365
1999-08-06,20.54,0,1,0.78022436741786
1999-08-13,21.44,0,1,0.8819951623407865
1999-08-20,21.62,0,1,0.9161858511005152
1999-08-27,21.21,0,1,0.84410786186203
1999-09-03,21.88,0,1,0.8500621154852878
1999-09-10,23.0,0,1,0.8650824978550201
1999-09-17,24.28,0,1,0.8640568574976788
1999-09-24,24.53,0,1,0.8627678316263764
1999-10-01,24.58,0,1,0.8731186492998325
1999-10-08,22.72,0,1,0.8563955463033777
1999-10-15,22.54,0,1,0.5749197813456064
1999-10-22,22.65,0,0,0.4384181797985512
1999-10-29,22.5,0,0,0.15049276508305054
1999-11-05,22.72,0,0,0.14854525122576134
1999-11-12,24.22,1,0,0.3733374191956102
1999-11-19,26.05,1,1,0.7481457909388904
1999-11-26,27.35,1,1,0.7642577009728556
1999-12-03,25.46,1,1,0.6882650970777882
1999-12-10,26.19,1,1,0.8608538307851888
1999-12-17,26.2,1,1,0.8332207629894953
1999-12-24,26.07,1,1,0.8114806355371921
1999-12-31,26.34,1,1,0.7836223116553866
2000-01-07,24.95,1,1,0.6692787486489753
2000-01-14,26.27,1,1,0.7115461030083563
2000-01-21,29.37,1,1,0.7618038465048866
2000-01-28,28.34,1,1,0.7322316537439554
2000-02-04,28.08,1,1,0.786539369350071
2000-02-11,28.83,1,1,0.7921515859581338
2000-02-18,29.87,1,1,0.7739855021868844
2000-02-25,30.1,1,1,0.7704838860272727
2000-03-03,31.07,1,1,0.777575038309241
2000-03-10,32.14,0,1,0.7895179958606978
2000-03-17,31.29,0,1,0.7665608264757386
2000-03-24,27.99,0,0,0.12694064177806028
2000-03-31,26.92,0,0,0.14701270832909694
2000-04-07,25.6,0,0,0.0486083548497326
2000-04-14,24.87,0,0,0.047879079861315926
2000-04-21,26.66,0,0,0.03985294708165785
2000-04-28,25.95,0,0,0.02689385013175073
2000-05-05,26.75,0,0,0.036030560833219955
2000-05-12,28.7,0,0,0.03224808975668147
2000-05-19,29.88,0,0,0.13673406702480226
2000-05-26,29.46,0,0,0.48752083622703046
2000-06-02,29.98,0,1,0.7788676370636336
2000-06-09,29.79,1,1,0.8701543429769917
2000-06-16,32.45,1,1,0.7947062564597183
2000-06-23,33.55,1,1,0.852947060964361
2000-06-30,32.12,0,1,0.8127768537433648
2000-07-07,30.4,0,1,0.710869004015699
2000-07-14,30.44,0,1,0.5627384504333538
2000-07-21,30.65,0,0,0.4066326028993233
2000-07-28,28.02,0,0,0.08615891258470755
2000-08-04,28.5,0,0,0.03911713020754059
2000-08-11,30.14,0,0,0.04167719135660318
2000-08-18,31.82,0,0,0.13240525294322147
2000-08-25,32.46,0,0,0.2694577062636116
2000-09-01,33.08,0,0,0.29072164063182054
2000-09-08,34.42,0,1,0.7857872414119489
2000-09-15,34.7,0,1,0.8026356435063551
2000-09-22,35.49,0,1,0.8268023610942425
2000-09-29,31.13,0,1,0.5507379663686153
2000-10-06,31.27,1,0,0.4652352155796548
2000-10-13,33.9,1,1,0.640633512065533
2000-10-20,33.48,1,0,0.4366669048832708
2000-10-27,33.92,1,1,0.511928539958876
2000-11-03,32.78,1,0,0.1775869899622992
2000-11-10,33.46,1,0,0.39630904519823845
2000-11-17,35.0,0,0,0.28480373135283693
2000-11-24,35.91,0,0,0.472348504884086
2000-12-01,34.1,0,0,0.46442123619756076
2000-12-08,29.69,0,0,0.09539435299728438
2000-12-15,29.05,0,0,0.11073741429808777
2000-12-22,27.38,0,0,0.033927461686530665
2000-12-29,26.52,0,0,0.03410690381588627
2001-01-05,27.8,0,0,0.013013808155468008
2001-01-12,28.81,0,0,0.04377039105514903
2001-01-19,30.63,0,0,0.02310050692157825
2001-01-26,31.35,0,0,0.07473766031577858
2001-02-02,29.59,1,0,0.2457807403744624
2001-02-09,30.92,1,0,0.4386291089454193
2001-02-16,29.67,1,1,0.7526136835632344
2001-02-23,28.65,0,1,0.6712021318206888
2001-03-02,27.91,0,0,0.3209558337509838
2001-03-09,28.45,0,0,0.24414408072452326
2001-03-16,27.02,0,0,0.048941326479318696
2001-03-23,26.42,0,0,0.039208551366947696
2001-03-30,26.86,0,0,0.056373134128057945
2001-04-06,26.76,0,0,0.025801889984202134
2001-04-13,28.27,0,0,0.04090221098783124
2001-04-20,27.89,0,0,0.016969381634913277
2001-04-27,26.99,0,0,0.02256544112629759
2001-05-04,28.36,0,0,0.15027232962654036
2001-05-11,28.12,0,0,0.21358363317291942
2001-05-18,29.08,1,1,0.6194352164453016
2001-05-25,28.92,1,1,0.7018902243624856
2001-06-01,28.44,1,1,0.7107068708825968
2001-06-08,27.98,0,1,0.5729862338473113
2001-06-15,28.9,0,1,0.5605071497697711
2001-06-22,27.09,0,0,0.18530089476108497
2001-06-29,26.37,0,0,0.1507303912878364
2001-07-06,26.87,0,0,0.07042593109076808
2001-07-13,27.07,0,0,0.01794739028968735
2001-07-20,25.26,0,0,0.019397194391360152
2001-07-27,26.5,0,0,0.030265922148883302
2001-08-03,27.1,0,0,0.018585935258842955
2001-08-10,27.87,1,0,0.25734271895463495
2001-08-17,27.52,1,1,0.5536947342854781
2001-08-24,27.25,1,1,0.5808399996086611
2001-08-31,26.84,1,1,0.5258498143865341
2001-09-07,27.38,1,1,0.7282280619396598
2001-09-14,28.22,1,1,0.7794673045630275
2001-09-21,27.09,0,1,0.7863509336816794
2001-09-28,22.35,0,0,0.06695438749153308
2001-10-05,22.6,0,0,0.029185843948492496
2001-10-12,22.66,0,0,0.017342577972297313
2001-10-19,21.92,0,0,0.011073177017047799
2001-10-26,21.78,0,0,0.01704594569278032
2001-11-02,21.17,0,0,0.013232819729451242
2001-11-09,20.7,0,0,0.007409838719342437
2001-11-16,19.61,0,0,0.00831318303560856
2001-11-23,18.28,0,0,0.00831318303560856
2001-11-30,19.13,0,0,0.0072945733677956025
2001-12-07,19.47,0,0,0.005365097665255754
2001-12-14,18.45,0,0,0.017440774452260385
2001-12-21,19.2,0,0,0.030768596530548885
2001-12-28,20.94,0,0,0.10978502158246235
2002-01-04,20.8,0,0,0.18853186757639606
2002-01-11,20.54,0,0,0.19910073140743406
2002-01-18,18.61,0,0,0.0940966414536435
2002-01-25,19.21,0,0,0.29104443622400983
2002-02-01,19.71,0,0,0.3185803333516302
2002-02-08,19.97,0,0,0.22509109286035267
2002-02-15,21.18,0,0,0.27092713649399985
2002-02-22,20.7,0,0,0.18111543570191582
2002-03-01,21.43,0,0,0.24393997862654532
2002-03-08,23.31,0,1,0.6921169987719185
2002-03-15,24.4,0,0,0.4858971813196624
2002-03-22,25.25,0,1,0.6687586900654596
2002-03-29,25.86,0,1,0.6587431035100434
2002-04-05,26.99,1,1,0.8436457654752705
2002-04-12,25.24,1,1,0.7635590962019915
2002-04-19,25.54,1,1,0.8210221562108468
2002-04-26,26.46,1,1,0.7425076150028054
2002-05-03,26.88,1,1,0.8940551576022225
2002-05-10,27.27,1,1,0.912972072218492
2002-05-17,28.43,0,1,0.8645700814273724
2002-05-24,27.18,0,1,0.8622363225418769
2002-05-31,25.22,0,0,0.12839728691510602
2002-06-07,25.01,0,0,0.13448045087513694
2002-06-14,24.94,0,0,0.153580967098504
2002-06-21,25.61,0,0,0.1086455818652901
2002-06-28,26.52,0,0,0.314329357812383
2002-07-05,26.81,0,0,0.42083234881540893
2002-07-12,26.7,0,0,0.4516458986379923
2002-07-19,27.62,0,1,0.53576896516777
2002-07-26,26.64,0,1,0.7641103734231645
2002-08-02,26.87,0,1,0.8872274942558748
2002-08-09,26.77,0,1,0.9040016075541855
2002-08-16,28.52,0,1,0.8327308779411379
2002-08-23,30.09,0,1,0.8856359082620057
2002-08-30,28.84,1,1,0.8364461055301079
2002-09-06,28.65,1,1,0.8179261802205247
2002-09-13,29.59,1,1,0.7989992689985158
2002-09-20,29.39,1,1,0.7286454922668966
2002-09-27,30.63,1,1,0.7995030571001122
2002-10-04,30.25,0,1,0.7124654691907282
2002-10-11,29.37,0,1,0.6993666965836873
2002-10-18,29.65,0,1,0.5406952226980307
2002-10-25,27.88,0,0,0.04499730666274125
2002-11-01,27.03,0,0,0.027818360085530017
2002-11-08,25.97,0,0,0.015588985394124805
2002-11-15,25.68,0,0,0.018395518205000017
2002-11-22,26.98,0,0,0.029527654935306204
2002-11-29,26.83,0,0,0.02667403561676053
2002-12-06,27.14,0,0,0.021295129795111743
2002-12-13,27.82,0,0,0.029398508325736917
2002-12-20,30.35,0,1,0.5755248462942575
2002-12-27,32.38,0,1,0.7686868283970428
2003-01-03,31.96,0,1,0.5909672651500548
2003-01-10,31.54,0,1,0.7593234994789372
2003-01-17,33.04,0,1,0.8175785674951763
2003-01-24,34.46,0,1,0.7775284683938317
2003-01-31,33.19,1,1,0.7925078578157864
2003-02-07,33.95,1,1,0.7581252058855802
2003-02-14,35.79,1,1,0.7699063103696274
2003-02-21,36.78,1,1,0.8700497820781192
2003-02-28,36.98,1,1,0.8762871451575379
2003-03-07,36.98,1,1,0.8856594841782072
2003-03-14,36.66,0,1,0.8352656334108799
2003-03-21,30.46,0,0,0.060871687910643214
2003-03-28,30.43,0,0,0.07778448605700548
2003-04-04,29.33,0,0,0.05002204657884594
2003-04-11,28.03,0,0,0.05002474982622613
2003-04-18,29.28,0,0,0.080343356814813
2003-04-25,28.43,0,0,0.03571839981851464
2003-05-02,25.69,0,0,0.0097957943620885
2003-05-09,26.58,0,0,0.016407542991686598
2003-05-16,28.54,0,0,0.031959013666611455
2003-05-23,29.29,0,0,0.08663992979263463
2003-05-30,29.1,0,0,0.11682868747040401
2003-06-06,30.68,0,1,0.6675811514903501
2003-06-13,31.46,0,1,0.622838015488787
2003-06-20,30.6,0,1,0.59057560549432
2003-06-27,30.01,0,1,0.6370488724344666
2003-07-04,30.31,0,1,0.5733434176514577
2003-07-11,30.73,1,1,0.5595834824609225
2003-07-18,31.48,1,1,0.5976808307087925
2003-07-25,30.61,1,0,0.3272068590788508
2003-08-01,30.73,1,0,0.37381414677280295
2003-08-08,32.11,1,0,0.39485207769558806
2003-08-15,31.31,0,0,0.1324392381590025
2003-08-22,31.19,0,0,0.38198046317062817
2003-08-29,31.56,0,0,0.29379234095977697
2003-09-05,29.2,0,0,0.0982047654632542
2003-09-12,28.92,0,0,0.04443394046835724
2003-09-19,27.39,0,0,0.008488687970609643
2003-09-26,27.73,0,0,0.008894331819814512
2003-10-03,29.43,0,0,0.04814278962126565
2003-10-10,30.69,0,0,0.047164548839702364
2003-10-17,31.49,0,0,0.3089799290528933
2003-10-24,30.17,0,0,0.31197100126957356
2003-10-31,29.28,0,0,0.35211079740071305
2003-11-07,29.79,0,1,0.6131212570667023
2003-11-14,31.56,0,1,0.5315667774524943
2003-11-21,32.58,0,1,0.6118637937220252
2003-11-28,30.11,0,1,0.8664611844284161
2003-12-05,30.63,0,1,0.7684480929188984
2003-12-12,32.16,0,1,0.6317828709320945
2003-12-19,33.2,0,1,0.6332281889889292
2003-12-26,32.24,0,1,0.6640311805581176
2004-01-02,32.68,0,1,0.6182429580737402
2004-01-09,33.89,0,1,0.6867960535427295
2004-01-16,34.51,0,1,0.6825502950118136
2004-01-23,35.45,0,1,0.8314807049883227
2004-01-30,33.61,0,1,0.6173313606135267
2004-02-06,33.41,0,1,0.5514297997868617
2004-02-13,33.88,0,1,0.5338506845744728
2004-02-20,35.54,0,1,0.7380024033403231
2004-02-27,36.08,0,1,0.7610477913616153
2004-03-05,36.67,0,1,0.8170520648119639
2004-03-12,36.44,0,1,0.7941185191020214
2004-03-19,37.78,0,1,0.8094273885040787
2004-03-26,36.65,0,1,0.7164631455236596
2004-04-02,35.23,1,1,0.62158638873945
2004-04-09,35.7,1,1,0.5925489019248896
2004-04-16,37.39,1,1,0.5373081689220341
2004-04-23,37.32,1,1,0.7185009422533526
2004-04-30,37.31,1,1,0.6201758770509631
2004-05-07,39.24,1,1,0.813602164733233
2004-05-14,40.37,1,1,0.8280084380849196
2004-05-21,40.84,1,1,0.8747556610498765
2004-05-28,40.65,1,1,0.8806867658893561
2004-06-04,40.01,0,1,0.8852557063201593
2004-06-11,37.99,0,1,0.6682161861590121
2004-06-18,37.86,0,0,0.2864220382619713
2004-06-25,37.7,0,0,0.1452858450125833
2004-07-02,37.14,0,0,0.05248875938794882
2004-07-09,39.73,0,0,0.3877757319333306
2004-07-16,40.33,0,0,0.23848517043036402
2004-07-23,41.27,0,1,0.6596761935564581
2004-07-30,42.5,0,1,0.7805107542361667
2004-08-06,43.81,0,1,0.7919378587323196
2004-08-13,45.24,0,1,0.781491370315787
2004-08-20,47.28,0,1,0.8333834095624699
2004-08-27,44.34,0,1,0.6912904820430733
2004-09-03,43.28,0,1,0.6962519193167168
2004-09-10,43.33,0,1,0.7023514541229642
2004-09-17,44.39,0,0,0.4766813894510764
2004-09-24,47.82,1,1,0.8200729060430564
2004-10-01,49.71,1,1,0.8170591546724106
2004-10-08,51.77,1,1,0.8797441991172419
2004-10-15,54.12,1,1,0.8797441991172419
2004-10-22,54.43,1,1,0.8747189152169107
2004-10-29,53.43,1,1,0.8764553764303135
2004-11-05,49.81,1,1,0.8147271676258744
2004-11-12,48.0,0,1,0.5137904338557798
2004-11-19,47.02,0,0,0.46553546246399385
2004-11-26,48.79,0,0,0.15915550629820321
2004-12-03,46.06,0,0,0.07027803354229183
2004-12-10,41.91,0,0,0.03493211971248846
2004-12-17,43.5,0,0,0.033809865297394756
2004-12-24,44.39,0,0,0.019349924590699195
2004-12-31,42.52,0,0,0.020123728916253518
2005-01-07,44.07,0,0,0.029316581183404637
2005-01-14,46.79,0,0,0.1233119155908727
2005-01-21,47.85,0,0,0.21988299076923568
2005-01-28,48.56,0,1,0.5439968597841283
2005-02-04,46.97,0,0,0.42572825209028897
2005-02-11,46.08,0,1,0.6031696199802328
2005-02-18,47.82,0,1,0.6654024615754709
2005-02-25,51.75,0,1,0.6738619493120833
2005-03-04,52.74,1,1,0.7712828147346218
2005-03-11,54.22,1,1,0.7315987766512914
2005-03-18,55.93,1,1,0.6989517484817911
2005-03-25,52.95,1,1,0.5975492690710876
2005-04-01,54.97,1,1,0.6909816032087958
2005-04-08,55.24,0,1,0.7798948139654105
2005-04-15,51.44,0,0,0.48427461802548577
2005-04-22,52.39,0,0,0.35409181851012356
2005-04-29,52.0,0,0,0.06713043211487638
2005-05-06,50.64,0,0,0.05614351666518857
2005-05-13,50.33,0,0,0.03963743001945314
2005-05-20,47.77,0,0,0.023484585340122224
2005-05-27,50.15,0,0,0.03947865971594317
2005-06-03,53.76,0,0,0.16770233522243028
2005-06-10,53.74,0,0,0.3485972813736805
2005-06-17,56.18,0,1,0.5576912646963
2005-06-24,59.04,0,1,0.8127697083835725
2005-07-01,58.21,0,1,0.8283076797469374
2005-07-08,60.36,0,1,0.8900230108719897
2005-07-15,59.18,0,1,0.8973572319093612
2005-07-22,57.3,0,1,0.809928900134672
2005-07-29,59.39,0,1,0.892620830811596
2005-08-05,61.64,0,1,0.8694508539204941
2005-08-12,64.85,1,1,0.928290419301575
2005-08-19,64.92,1,1,0.9247131050897837
2005-08-26,66.34,1,1,0.9263363285164071
2005-09-02,68.47,1,1,0.9259432919573283
2005-09-09,64.81,1,1,0.8155871401854172
2005-09-16,63.84,1,1,0.7370732612595648
2005-09-23,66.43,1,1,0.6890809509550229
2005-09-30,66.06,0,1,0.6920312002217622
2005-10-07,63.06,0,1,0.5020233427204588
2005-10-14,62.87,0,0,0.30412030375150584
2005-10-21,62.28,0,0,0.15243099034973276
2005-10-28,61.33,0,0,0.08274722493317026
2005-11-04,60.34,0,0,0.07828177943531506
2005-11-11,58.8,0,0,0.032203759780953196
2005-11-18,57.0,0,0,0.039392650171297214
2005-11-25,58.13,0,0,0.02751381947406131
2005-12-02,57.78,0,0,0.03071338672958729
2005-12-09,59.83,0,0,0.05064852115620556
2005-12-16,60.32,0,0,0.07679379620394107
2005-12-23,57.97,0,0,0.21494181010323019
2005-12-30,59.82,0,0,0.40142879850989704
2006-01-06,63.39,0,1,0.7474406300998611
2006-01-13,63.74,1,1,0.7545561577539212
2006-01-20,66.79,1,1,0.7523606916819342
2006-01-27,66.82,1,1,0.742305688074851
2006-02-03,66.59,1,1,0.7681513802820213
2006-02-10,63.06,0,1,0.5965398284856825
2006-02-17,59.37,0,0,0.26136400359360573
2006-02-24,59.93,0,0,0.2639677027382253
2006-03-03,62.27,0,0,0.10053491036520891
2006-03-10,60.89,0,0,0.06053815795478525
2006-03-17,62.64,0,0,0.03338210554585521
2006-03-24,61.36,0,0,0.025827750737195346
2006-03-31,65.67,0,0,0.0567328681655438
2006-04-07,66.56,0,0,0.19077632125414323
2006-04-14,68.85,0,1,0.6055610829313403
2006-04-21,71.87,0,1,0.7550766647796461
2006-04-28,70.38,0,1,0.7677617329449202
2006-05-05,72.14,0,1,0.8426360920768708
2006-05-12,71.5,0,1,0.8012202036711336
2006-05-19,69.07,0,1,0.7699460761999306
2006-05-26,70.35,0,1,0.8063509318726265
2006-06-02,71.53,0,1,0.7909333969848971
2006-06-09,71.54,0,1,0.8732757754001895
2006-06-16,69.48,0,1,0.6331639303307651
2006-06-23,69.94,1,0,0.4352845189435929
2006-06-30,72.65,1,1,0.6536561995593747
2006-07-07,74.65,1,1,0.7051177689146234
2006-07-14,75.21,1,1,0.7884451241738469
2006-07-21,73.98,1,1,0.7515909523868153
2006-07-28,73.87,1,1,0.7818014626741333
2006-08-04,75.2,1,1,0.7636607424750667
2006-08-11,75.63,1,1,0.8783262602133444
2006-08-18,71.79,0,1,0.8265970517131463
2006-08-25,72.12,0,1,0.7228184348919805
2006-09-01,70.01,0,0,0.2312367504664341
2006-09-08,67.53,0,0,0.052549628842475465
2006-09-15,63.98,0,0,0.04508455721846024
2006-09-22,61.4,0,0,0.023306041482389746
2006-09-29,61.94,0,0,0.022468218964938478
2006-10-06,59.77,0,0,0.022468218964938478
2006-10-13,58.58,0,0,0.020226450944217808
2006-10-20,58.48,0,0,0.02776660283129026
2006-10-27,58.88,0,0,0.016604437712450983
2006-11-03,58.55,0,0,0.019532595211432413
2006-11-10,59.96,0,0,0.03265638146193979
2006-11-17,57.56,0,0,0.04549520109447935
2006-11-24,57.24,0,0,0.13610423674512928
2006-12-01,62.02,1,0,0.27725055356431755
2006-12-08,62.32,1,0,0.44091090343921413
2006-12-15,61.91,0,0,0.49295373206500054
2006-12-22,62.4,0,1,0.5654138384004923
2006-12-29,60.66,0,0,0.3907303065128628
2007-01-05,57.76,0,0,0.204496328916417
2007-01-12,54.11,0,0,0.07009174641861161
2007-01-19,51.51,0,0,0.07716677764430799
2007-01-26,53.57,0,0,0.014404053907567858
2007-02-02,57.11,0,0,0.012187644160867225
2007-02-09,58.99,0,0,0.014958421451589286
2007-02-16,58.41,0,0,0.013729980641197898
2007-02-23,59.57,0,0,0.09126614361903744
2007-03-02,61.64,0,0,0.28201691838361626
2007-03-09,60.85,0,0,0.32302771843118966
2007-03-16,57.94,0,1,0.6769159927009183
2007-03-23,58.26,0,1,0.6343809145039546
2007-03-30,64.18,0,1,0.7919185073069599
2007-04-06,64.82,0,1,0.6154404509536117
2007-04-13,62.58,0,1,0.8407734644164961
2007-04-20,63.06,0,1,0.8241726153459137
2007-04-27,65.26,0,1,0.7020456961797458
2007-05-04,63.82,0,1,0.7646080240088402
2007-05-11,61.9,0,1,0.7298607671368778
2007-05-18,63.61,0,0,0.3094791355218825
2007-05-25,64.89,0,0,0.33161933044438846
2007-06-01,63.94,0,0,0.14502327120388098
2007-06-08,65.9,0,0,0.27415141237704543
2007-06-15,66.62,0,1,0.5990370026005567
2007-06-22,68.78,0,1,0.8147534804491845
2007-06-29,69.13,0,1,0.8350228277126608
2007-07-06,71.78,0,1,0.7841098928678879
2007-07-13,72.79,0,1,0.8001046736529924
2007-07-20,74.92,0,1,0.9076051801368575
2007-07-27,75.15,0,1,0.9252782650493643
2007-08-03,76.75,0,1,0.9319655756661911
2007-08-10,71.92,0,1,0.8929438421803518
2007-08-17,72.05,0,1,0.8684260045295781
2007-08-24,70.19,0,1,0.704960047508873
2007-08-31,72.93,0,0,0.43451659156310823
2007-09-07,75.96,0,1,0.6811031251116092
2007-09-14,78.95,0,1,0.7453536560081596
2007-09-21,82.26,1,1,0.7646398445249905
2007-09-28,81.7,1,1,0.8833842112349876
2007-10-05,80.59,1,1,0.8900424074208262
2007-10-12,81.46,1,1,0.8940706807553533
2007-10-19,87.8,1,1,0.9263664697425262
2007-10-26,89.23,1,1,0.9279665971890718
2007-11-02,93.46,1,1,0.9279665971890718
2007-11-09,95.81,1,1,0.9279665971890718
2007-11-16,93.56,1,1,0.8978378891109392
2007-11-23,97.93,1,1,0.9337772198619742
2007-11-30,92.47,1,1,0.8456352562008271
2007-12-07,88.71,1,1,0.7841484946148797
2007-12-14,91.18,1,1,0.5643373625050805
2007-12-21,91.16,0,0,0.32645499211691603
2007-12-28,95.64,0,1,0.654677409971341
2008-01-04,98.17,0,1,0.6683770483134314
2008-01-11,94.76,0,0,0.3626554280378316
2008-01-18,91.51,0,0,0.3098995772006792
2008-01-25,89.41,0,0,0.18483036933758168
2008-02-01,91.14,0,0,0.27419714349801794
2008-02-08,89.08,0,0,0.1917809683770058
2008-02-15,94.13,0,0,0.2611701521721339
2008-02-22,99.61,0,1,0.5645311330606295
2008-02-29,100.84,0,1,0.780244148752288
2008-03-07,103.44,0,1,0.8091506767545538
2008-03-14,109.35,0,1,0.7896081592609483
2008-03-21,105.28,0,1,0.5564370980733445
2008-03-28,104.49,0,1,0.7864153488444016
2008-04-04,103.46,0,1,0.6530747291227503
2008-04-11,109.71,0,1,0.7762644868906857
2008-04-18,114.33,0,1,0.8099315170043241
2008-04-25,118.53,0,1,0.8174788416223197
2008-05-02,115.42,0,1,0.6362728010871217
2008-05-09,123.01,0,1,0.877620798062905
2008-05-16,124.96,0,1,0.876782724590333
2008-05-23,130.14,1,1,0.9279665971890718
2008-05-30,128.47,1,1,0.899706596064248
2008-06-06,128.16,1,1,0.8983971218036828
2008-06-13,134.8,1,1,0.9301368466702644
2008-06-20,134.34,1,1,0.8931883756925508
2008-06-27,137.0,1,1,0.9313608651853841
2008-07-04,142.52,1,1,0.9292242087990913
2008-07-11,139.95,1,1,0.8261687354074004
2008-07-18,135.37,1,1,0.5627842678453262
2008-07-25,125.92,1,0,0.34012697297622113
2008-08-01,124.57,1,0,0.32903843333436533
2008-08-08,118.8,1,0,0.22287001751479957
2008-08-15,114.4,1,0,0.14342873323994157
2008-08-22,115.7,0,0,0.07116429444331804
2008-08-29,116.09,0,0,0.03943866230181494
2008-09-05,108.37,0,0,0.020678145384944273
2008-09-12,102.88,0,0,0.02892638904514727
2008-09-19,97.19,0,0,0.02892638904514727
2008-09-26,111.12,0,0,0.03844471329263834
2008-10-03,96.59,0,0,0.01791317990283759
2008-10-10,86.24,0,0,0.02221304014478699
2008-10-17,75.19,0,0,0.018115816014285573
2008-10-24,68.56,0,0,0.009767935392801724
2008-10-31,65.21,0,0,0.009485948748406721
2008-11-07,64.31,0,0,0.009349157638668972
2008-11-14,58.6,0,0,0.007294379223856108
2008-11-21,52.26,0,0,0.007245695624270644
2008-11-28,53.27,0,0,0.007245695624270644
2008-12-05,45.6,0,0,0.0072945733677956025
2008-12-12,44.57,0,0,0.0072945733677956025
2008-12-19,39.7,0,0,0.0072945733677956025
2008-12-26,32.98,0,0,0.0072945733677956025
2009-01-02,42.4,0,0,0.014604010804041764
2009-01-09,44.46,0,0,0.01715604444470119
2009-01-16,36.73,0,0,0.019016795981141112
2009-01-23,42.15,0,0,0.041697388050537854
2009-01-30,42.7,0,0,0.036728322878428366
2009-02-06,40.78,0,0,0.04374294147203087
2009-02-13,36.94,0,0,0.04908238629669915
2009-02-20,37.15,0,0,0.06840712579629693
2009-02-27,41.1,0,0,0.2067568657329847
2009-03-06,43.18,0,0,0.26244959850102284
2009-03-13,45.66,0,0,0.24784029593756302
2009-03-20,49.49,0,0,0.3131691331308071
2009-03-27,52.99,0,0,0.3430862666756451
2009-04-03,50.34,0,1,0.5112146729092266
2009-04-10,50.46,0,1,0.6741012759740527
2009-04-17,49.86,0,1,0.5321122777185516
2009-04-24,47.8,0,1,0.501045668749464
2009-05-01,50.2,0,0,0.46382484595136386
2009-05-08,55.96,0,1,0.5545247100803774
2009-05-15,57.94,0,1,0.5613734671625212
2009-05-22,60.32,0,1,0.5564626921380862
2009-05-29,64.32,1,1,0.5613734671625212
2009-06-05,68.11,1,1,0.5613734671625212
2009-06-12,70.85,1,1,0.5476158562738669
2009-06-19,70.62,1,1,0.5957526664842129
2009-06-26,68.58,1,1,0.6019968506905933
2009-07-03,69.32,1,1,0.5995544322837695
2009-07-10,61.48,0,0,0.4166764769553552
2009-07-17,61.29,0,0,0.23186369428379974
2009-07-24,65.28,0,0,0.1389113795414075
2009-07-31,67.03,0,0,0.09494365724895693
2009-08-07,71.58,0,0,0.3000661910154406
2009-08-14,69.64,0,0,0.08127261001776417
2009-08-21,70.8,0,0,0.17680684091527699
2009-08-28,72.37,0,0,0.381153246319435
2009-09-04,68.39,0,0,0.25733187403348123
2009-09-11,70.91,0,1,0.5210413912319818
2009-09-18,71.32,0,0,0.3295347092064127
2009-09-25,68.33,0,0,0.39421082035091254
2009-10-02,68.84,0,0,0.4112890398154924
2009-10-09,70.8,0,0,0.45614631775377257
2009-10-16,75.73,1,1,0.9028284696097836
2009-10-23,80.06,1,1,0.9159937234235542
2009-10-30,78.47,1,1,0.7998366052463666
2009-11-06,79.0,1,1,0.794737946543129
2009-11-13,78.24,1,1,0.7137028055825222
2009-11-20,78.37,1,1,0.554964373912201
2009-11-27,76.14,0,0,0.4213425944663827
2009-12-04,76.81,0,0,0.3540841955027091
2009-12-11,71.51,0,0,0.04703442853654102
2009-12-18,71.72,0,0,0.012242912058888665
2009-12-25,74.76,0,0,0.018861729573028365
2010-01-01,79.07,0,0,0.2069942417793391
2010-01-08,82.34,0,0,0.3343307111006248
2010-01-15,80.06,0,0,0.2777903661228749
2010-01-22,76.62,0,0,0.111971132311276
2010-01-29,73.94,0,0,0.06183430268828903
2010-02-05,74.57,0,0,0.10256147778969414
2010-02-12,73.88,0,0,0.0535772903569777
2010-02-19,78.25,0,0,0.2131528962301699
2010-02-26,79.22,0,0,0.466733917198543
2010-03-05,80.19,0,0,0.40158677561741624
2010-03-12,81.76,1,0,0.4742312226962585
2010-03-19,81.44,1,1,0.556868784773378
2010-03-26,80.65,1,1,0.6758642546604363
2010-04-02,83.01,1,1,0.7749803817015317
2010-04-09,85.66,1,1,0.756670056998548
2010-04-16,84.34,1,1,0.7082320928569494
2010-04-23,82.9,0,1,0.6153571439945625
2010-04-30,84.22,0,1,0.7906678254606155
2010-05-07,80.24,0,0,0.4890488178242402
2010-05-14,74.98,0,0,0.0419682071645474
2010-05-21,69.14,0,0,0.008895058669482205
2010-05-28,70.62,0,0,0.010378557292108011
2010-06-04,72.91,0,0,0.01137126555201855
2010-06-11,73.44,0,0,0.011632955032367942
2010-06-18,76.7,0,0,0.02854562650280216
2010-06-25,77.06,0,0,0.019640758797708487
2010-07-02,74.96,0,0,0.07203399630043629
2010-07-09,74.39,0,0,0.11358489831100894
2010-07-16,76.35,0,0,0.13074992851340525
2010-07-23,77.56,1,0,0.48670321586787085
2010-07-30,78.12,1,1,0.6005195002244726
2010-08-06,81.79,1,1,0.5900145827328728
2010-08-13,78.17,0,0,0.36008202339224726
2010-08-20,74.84,0,0,0.28530505733479433
2010-08-27,72.91,0,0,0.054218557574120904
2010-09-03,74.02,0,0,0.06636784585802825
2010-09-10,74.82,0,0,0.1472873358702887
2010-09-17,75.62,0,0,0.04249310422719306
2010-09-24,73.76,0,0,0.010325542989966371
2010-10-01,78.41,0,0,0.059226646043464705
2010-10-08,82.29,0,0,0.21483740008956498
2010-10-15,82.16,0,1,0.5755019058463015
2010-10-22,81.15,0,1,0.6793691306304286
2010-10-29,82.03,0,1,0.7293532997741851
2010-11-05,84.93,0,1,0.8973695231058102
2010-11-12,86.91,0,1,0.8791219839722502
2010-11-19,82.23,0,1,0.7504721758677254
2010-11-26,82.28,0,1,0.7342869058541859
2010-12-03,86.75,0,1,0.9407619620641875
2010-12-10,88.5,0,1,0.9396497319841892
2010-12-17,88.27,0,1,0.9464072268242735
2010-12-24,89.66,0,1,0.9500338077037088
2010-12-31,90.97,0,1,0.930436198235209
2011-01-07,89.54,0,1,0.807080243546742
2011-01-14,91.02,0,1,0.8082733878981537
2011-01-21,89.75,0,1,0.6457051962345193
2011-01-28,86.11,0,1,0.6390160059580315
2011-02-04,89.52,0,1,0.6320801775229321
2011-02-11,85.51,0,0,0.24293760794031596
2011-02-18,84.13,0,0,0.11818258739868188
2011-02-25,95.26,1,1,0.7613172889159483
2011-03-04,101.05,1,1,0.9048871340847919
2011-03-11,103.74,1,1,0.9216045975230297
2011-03-18,99.79,1,1,0.8011533436727774
2011-03-25,104.41,1,1,0.9328644415212162
2011-04-01,105.08,1,1,0.9222927779745868
2011-04-08,109.29,1,1,0.9250191651803418
2011-04-15,107.75,1,1,0.902707677790116
2011-04-22,109.11,1,1,0.9278630993574789
2011-04-29,112.3,1,1,0.9274411219152787
2011-05-06,105.84,1,1,0.8218974310636155
2011-05-13,99.87,1,1,0.6890122908712596
2011-05-20,97.99,1,0,0.2677824670829232
2011-05-27,99.55,0,0,0.14127239826719684
2011-06-03,100.92,0,0,0.1497962881980364
2011-06-10,100.05,0,0,0.09625835185046884
2011-06-17,95.87,0,0,0.10148906158559631
2011-06-24,92.7,0,0,0.06725074912008554
2011-07-01,93.7,0,0,0.07073602162571618
2011-07-08,97.12,0,0,0.09088507293535453
2011-07-15,96.72,0,0,0.25069825955467595
2011-07-22,98.01,0,0,0.21433828460949372
2011-07-29,97.83,0,0,0.28261610479726923
2011-08-05,90.85,0,0,0.25282695842512704
2011-08-12,82.86,0,0,0.03301014098475384
2011-08-19,85.36,0,0,0.0814763697271578
2011-08-26,85.06,0,0,0.08949181766797996
2011-09-02,88.07,0,0,0.12063520846864781
2011-09-09,87.91,0,0,0.1246671377184552
2011-09-16,88.93,0,0,0.11375817276136525
2011-09-23,83.65,0,0,0.03780266173114697
2011-09-30,81.18,0,0,0.014023053328108338
2011-10-07,79.43,0,0,0.011691210496120891
2011-10-14,85.35,0,0,0.20149446355347783
2011-10-21,86.82,0,0,0.34447025593242253
2011-10-28,92.32,0,1,0.7381798585787233
2011-11-04,93.24,0,1,0.6775086827172061
2011-11-11,96.97,0,0,0.4786829599158203
2011-11-18,99.32,0,0,0.4723967827507471
2011-11-25,96.89,0,1,0.5001800800437387
2011-12-02,99.91,0,1,0.5202773853936623
2011-12-09,100.08,0,0,0.4700162650160204
2011-12-16,96.06,0,0,0.4383250356856571
2011-12-23,97.74,0,0,0.4553714743499271
2011-12-30,99.81,0,0,0.4426276167312555
2012-01-06,102.39,0,1,0.7109212137702496
2012-01-13,100.43,0,0,0.48681025832190256
2012-01-20,99.95,0,0,0.48205796903143144
2012-01-27,99.35,0,0,0.4440127574866279
2012-02-03,97.8,0,0,0.42669791601252716
2012-02-10,98.56,1,0,0.27392185302759664
2012-02-17,101.73,1,0,0.4166160303917145
2012-02-24,107.18,1,1,0.6677220674791658
2012-03-02,107.52,1,1,0.6605105215211854
2012-03-09,106.32,1,1,0.7748346731466229
2012-03-16,106.15,1,1,0.8744846990568164
2012-03-23,106.41,1,1,0.8638826295055133
2012-03-30,105.12,1,1,0.8545905432269708
2012-04-06,103.52,1,1,0.8760097176913854
2012-04-13,102.55,1,1,0.8058740221509381
2012-04-20,103.15,0,0,0.3952962256721614
2012-04-27,103.78,0,0,0.3402546405868579
2012-05-04,103.47,0,0,0.4000893872260433
2012-05-11,96.98,0,0,0.13967181837741843
2012-05-18,93.11,0,0,0.11317704759355977
2012-05-25,90.88,0,0,0.06363510821136766
2012-06-01,87.06,0,0,0.021787567742518946
2012-06-08,84.43,0,0,0.01914983082977828
2012-06-15,83.27,0,0,0.01949687471125406
2012-06-22,81.11,0,0,0.014786236234097194
2012-06-29,80.23,0,0,0.006536619828999583
2012-07-06,85.74,0,0,0.016127188447939377
2012-07-13,85.78,0,0,0.019780587126607185
2012-07-20,90.34,0,0,0.2901078656536998
2012-07-27,88.88,0,0,0.27131831775753984
2012-08-03,89.1,0,0,0.3333949518949983
2012-08-10,93.14,0,1,0.7169891889558615
2012-08-17,94.43,1,1,0.7018364483971687
2012-08-24,96.22,1,1,0.5428205678869945
2012-08-31,95.68,1,0,0.4729255421041026
2012-09-07,95.68,1,0,0.45006570381148914
2012-09-14,97.56,1,1,0.5103160084014149
2012-09-21,93.7,0,0,0.22021123233547696
2012-09-28,91.35,0,0,0.3629681365697314
2012-10-05,90.81,0,0,0.18883542709267037
2012-10-12,91.42,0,0,0.0491456963829544
2012-10-19,91.59,0,0,0.08047273775802068
2012-10-26,86.35,0,0,0.021219760762096206
2012-11-02,85.87,0,0,0.024779118240350343
2012-11-09,85.98,0,0,0.01492303186899858
2012-11-16,85.87,0,0,0.022851069635782338
2012-11-23,87.4,0,0,0.06456008970519309
2012-11-30,87.27,0,0,0.14526641193802645
2012-12-07,87.0,0,0,0.17177151440744376
2012-12-14,85.71,0,0,0.07918029626862068
2012-12-21,88.24,0,0,0.4540568900792497
2012-12-28,90.14,0,1,0.6445517171008471
2013-01-04,92.77,0,1,0.929822373842312
2013-01-11,93.38,0,1,0.9288165343450889
2013-01-18,94.58,0,1,0.8566458100210702
2013-01-25,95.41,1,1,0.822336524745965
2013-02-01,97.33,1,1,0.7706574880288068
2013-02-08,96.18,1,1,0.7309192479269919
2013-02-15,96.95,1,1,0.7237594492961329
2013-02-22,94.38,1,1,0.7301005034847556
2013-03-01,92.19,0,1,0.6082427672361603
2013-03-08,91.0,0,0,0.3397191643195404
2013-03-15,92.7,0,0,0.17289464158576892
2013-03-22,93.05,0,0,0.12517961227893937
2013-03-29,96.08,0,0,0.29333934891424984
2013-04-05,95.07,0,0,0.1630014721205111
2013-04-12,93.36,0,0,0.09756339889908928
2013-04-19,88.0,0,0,0.04243151819110369
2013-04-26,91.0,0,0,0.13703941249961452
2013-05-03,93.4,0,0,0.22057126138139624
2013-05-10,95.84,0,0,0.3191889516781239
2013-05-17,94.65,0,0,0.4075237130973624
2013-05-24,94.76,0,1,0.5707831720653206
2013-05-31,93.32,0,0,0.32132083175214365
2013-06-07,94.25,0,0,0.4620231309395327
2013-06-14,96.36,0,1,0.7035743040358955
2013-06-21,96.65,0,1,0.8351463007627363
2013-06-28,95.83,0,1,0.8319775978523121
2013-07-05,100.65,0,1,0.8964253755974458
2013-07-12,104.7,0,1,0.918994532740209
2013-07-19,106.88,0,1,0.9138012977601905
2013-07-26,105.88,0,1,0.926938957548781
2013-08-02,105.54,1,1,0.9213417218344463
2013-08-09,105.17,1,1,0.9070738521877547
2013-08-16,106.97,1,1,0.9103193992091941
2013-08-23,105.48,1,1,0.8816426823210267
2013-08-30,108.33,1,1,0.8770092401646973
2013-09-06,108.77,1,1,0.8740690698903081
2013-09-13,108.36,1,1,0.8186174528124179
2013-09-20,106.22,1,0,0.41753538265426077
2013-09-27,103.1,0,0,0.3413311762120142
2013-10-04,103.14,0,0,0.46502419339255896
2013-10-11,102.7,0,0,0.18838019338034453
2013-10-18,101.51,0,0,0.07151467059061416
2013-10-25,97.57,0,0,0.04013746589106178
2013-11-01,96.94,0,0,0.09790827464969791
2013-11-08,94.31,0,0,0.038456365525609666
2013-11-15,93.94,0,0,0.029996621648102118
2013-11-22,93.92,0,0,0.03766341877521294
2013-11-29,92.97,0,0,0.02574189049189346
2013-12-06,96.21,0,0,0.07397679397422548
2013-12-13,97.23,0,0,0.047602365190243925
2013-12-20,97.85,0,0,0.3002227212013568
2013-12-27,99.15,0,0,0.36567203461385983
2014-01-03,96.47,0,0,0.36518295955995334
2014-01-10,92.42,0,0,0.26164736211761924
2014-01-17,92.98,0,0,0.28603650130622527
2014-01-24,96.19,0,0,0.3888886835364496
2014-01-31,97.29,0,0,0.37007230460290147
2014-02-07,97.78,0,0,0.46147300155819815
2014-02-14,100.21,0,0,0.34916153389992516
2014-02-21,102.93,0,0,0.39016829643783596
2014-02-28,102.77,1,0,0.40047209709608
2014-03-07,103.07,1,0,0.4083322549737828
2014-03-14,99.55,1,0,0.3130301435607279
2014-03-21,99.77,1,0,0.2907163561243007
2014-03-28,100.66,1,0,0.2153995836092355
2014-04-04,100.46,0,0,0.13669736080220304
2014-04-11,102.72,0,0,0.24134066829972436
2014-04-18,103.95,0,0,0.28468333741177626
2014-04-25,102.11,0,0,0.2210972128114389
2014-05-02,100.51,0,0,0.19088510399553316
2014-05-09,100.29,0,0,0.15417586837549446
2014-05-16,101.92,0,0,0.1613413276543379
2014-05-23,103.82,0,0,0.29696694419938957
2014-05-30,103.95,0,0,0.4565371133672187
2014-06-06,103.23,1,0,0.44615431170300074
2014-06-13,105.97,1,1,0.6922921137357728
2014-06-20,107.23,1,1,0.9037023317391784
2014-06-27,106.69,1,1,0.8588168848766097
2014-07-04,105.52,1,1,0.7631669933263718
2014-07-11,103.25,1,1,0.7665122911835319
2014-07-18,102.37,1,1,0.8053254909003014
2014-07-25,104.35,1,0,0.37987427823879844
2014-08-01,102.19,1,0,0.33784458462482436
2014-08-08,97.5,1,0,0.1303031315341509
2014-08-15,97.17,1,0,0.2016093066817986
2014-08-22,94.95,0,0,0.04596284549298084
2014-08-29,96.25,0,0,0.0395995195176269
2014-09-05,94.06,0,0,0.013440648726473256
2014-09-12,92.43,0,0,0.024924872011901977
2014-09-19,93.52,0,0,0.018572070618194193
2014-09-26,93.15,0,0,0.016639744918095816
2014-10-03,91.44,0,0,0.022225927950766926
2014-10-10,87.63,0,0,0.019399577006690125
2014-10-17,82.88,0,0,0.007355663919660352
2014-10-24,82.12,0,0,0.0072945733677956025
2014-10-31,81.29,0,0,0.006428198393761539
2014-11-07,78.24,0,0,0.006501189700649083
2014-11-14,76.5,0,0,0.0072945733677956025
2014-11-21,75.38,0,0,0.0072945733677956025
2014-11-28,72.36,0,0,0.0072945733677956025
2014-12-05,67.18,0,0,0.0072945733677956025
2014-12-12,61.14,0,0,0.0072945733677956025
2014-12-19,55.89,0,0,0.0072945733677956025
2014-12-26,55.58,0,0,0.0072945733677956025
2015-01-02,53.44,0,0,0.0072945733677956025
2015-01-09,48.77,0,0,0.007101984317148322
2015-01-16,47.07,0,0,0.007101984317148322
2015-01-23,46.46,0,0,0.007101984317148322
2015-01-30,45.32,0,0,0.007101984317148322
2015-02-06,50.58,0,0,0.020834364224981024
2015-02-13,51.14,0,0,0.02906219440132223
2015-02-20,51.69,0,0,0.04809504268414143
2015-02-27,49.16,0,0,0.09901891655224487
2015-03-06,50.38,0,0,0.09628226686685665
2015-03-13,47.69,0,0,0.2585416252232698
2015-03-20,44.39,0,0,0.06011788341130608
2015-03-27,48.68,0,0,0.3588335164177792
2015-04-03,48.91,0,0,0.17275297554395708
2015-04-10,51.78,0,0,0.20633367791487137
2015-04-17,54.78,0,0,0.325136635164392
2015-04-24,56.14,0,0,0.447428218209284
2015-05-01,57.98,0,1,0.593522991732045
2015-05-08,59.73,1,1,0.5901323596892412
2015-05-15,60.01,1,1,0.5660382645031073
2015-05-22,58.95,1,1,0.5502445535237375
2015-05-29,58.19,1,1,0.5711690355984015
2015-06-05,59.66,1,0,0.4966846754284846
2015-06-12,60.07,1,1,0.5013216358735881
2015-06-19,59.89,1,0,0.4927869813516856
2015-06-26,60.01,0,0,0.4483413189770373
2015-07-03,57.92,0,0,0.06674258075693612
2015-07-10,52.38,0,0,0.10030849249373727
2015-07-17,51.68,0,0,0.0317492537199429
2015-07-24,49.21,0,0,0.027545610600110217
2015-07-31,47.91,0,0,0.027742772153245106
2015-08-07,44.94,0,0,0.03307771503929148
2015-08-14,43.2,0,0,0.0390618617183389
2015-08-21,41.34,0,0,0.0390618617183389
2015-08-28,40.73,0,0,0.0390618617183389
2015-09-04,46.73,0,0,0.045769056809944274
2015-09-11,45.16,0,0,0.03863544548078627
2015-09-18,45.48,0,0,0.2570091115644363
2015-09-25,45.57,0,0,0.23792076350011723
2015-10-02,45.0,1,0,0.29957074698227265
2015-10-09,48.36,1,1,0.7718025046044314
2015-10-16,46.82,1,1,0.6722020318834223
2015-10-23,45.16,1,1,0.69298000514903
2015-10-30,44.99,1,1,0.5082668604908489
2015-11-06,45.98,1,0,0.11270637339662942
2015-11-13,42.7,0,0,0.03130779832970197
2015-11-20,40.62,0,0,0.029127793685857144
2015-11-27,40.49,0,0,0.041974833054608515
2015-12-04,40.4,0,0,0.00624274575339647
2015-12-11,36.93,0,0,0.007101984317148322
2015-12-18,35.78,0,0,0.007101984317148322
2015-12-25,36.26,0,0,0.004894170380055071
2016-01-01,36.99,0,0,0.0035814774967871006
2016-01-08,34.65,0,0,0.006329413763748843
2016-01-15,30.59,0,0,0.007101984317148322
2016-01-22,29.19,0,0,0.007101984317148322
2016-01-29,31.81,0,0,0.00455853672027487
2016-02-05,31.26,0,0,0.0035170208248657994
2016-02-12,28.14,0,0,0.006329413763748843
2016-02-19,30.02,0,0,0.0286574364683145
2016-02-26,31.32,0,0,0.04086972904127613
2016-03-04,34.43,0,0,0.05905178274149003
2016-03-11,37.69,0,0,0.4042504910445329
2016-03-18,38.32,0,1,0.5196318197184165
2016-03-25,39.45,0,1,0.6610617867661045
2016-04-01,36.82,0,1,0.7026158447600299
2016-04-08,36.72,0,1,0.7127364245085137
2016-04-15,41.23,0,1,0.5980023703374406
2016-04-22,41.86,0,1,0.7448625621833659
2016-04-29,44.3,0,1,0.5957526664842129
2016-05-06,44.22,0,1,0.6003121578125113
2016-05-13,45.44,1,1,0.6128193983647714
2016-05-20,47.99,1,1,0.6684064479746655
2016-05-27,48.72,1,1,0.6826427466976841
2016-06-03,49.0,1,1,0.7003588354170244
2016-06-10,50.18,1,1,0.6326985096474793
2016-06-17,47.89,1,0,0.3811636921644967
2016-06-24,48.71,1,0,0.4653734938599132
2016-07-01,48.17,0,0,0.4884517923021393
2016-07-08,46.17,0,0,0.17534166540254464
2016-07-15,45.6,0,0,0.13053134552522433
2016-07-22,44.44,0,0,0.05908207709293843
2016-07-29,41.83,0,0,0.037438280825212375
2016-08-05,40.82,0,0,0.06276117511611723
2016-08-12,43.11,0,0,0.02912017745174323
2016-08-19,47.16,0,0,0.23579753145577426
2016-08-26,47.05,0,0,0.3102269201421785
2016-09-02,45.11,0,0,0.1650938937046899
2016-09-09,45.96,0,0,0.3736784692937188
2016-09-16,44.34,0,0,0.3409324655799809
2016-09-23,44.59,0,1,0.545113073605487
2016-09-30,46.55,1,1,0.7955840115630852
2016-10-07,49.48,1,1,0.8708053735046652
2016-10-14,50.29,1,1,0.8331578206220889
2016-10-21,50.56,0,1,0.715543959612541
2016-10-28,49.36,0,1,0.6986254556310271
2016-11-04,45.51,0,0,0.30618239709287365
2016-11-11,44.61,0,0,0.2356086051061176
2016-11-18,45.15,0,0,0.06235491381981253
2016-11-25,47.25,0,0,0.07211216518833745
2016-12-02,48.63,0,0,0.08872175396312024
2016-12-09,50.97,0,0,0.1666183563114532
2016-12-16,51.91,0,0,0.35678239264063205
2016-12-23,51.95,0,0,0.38921071799362583
2016-12-30,53.6,0,1,0.6039643779832293
2017-01-06,53.34,1,1,0.59169758576612
2017-01-13,52.07,1,1,0.6646829965407154
2017-01-20,51.82,1,1,0.6037057674474395
2017-01-27,52.74,1,0,0.48553446055093663
2017-02-03,53.33,1,1,0.5054413666118499
2017-02-10,52.88,1,1,0.5456412122673152
2017-02-17,53.22,1,1,0.5111639768168461
2017-02-24,54.03,1,1,0.6135460280269291
2017-03-03,53.56,0,0,0.4979972781888498
2017-03-10,50.5,0,0,0.06889732122900473
2017-03-17,48.03,0,0,0.027728972645609955
2017-03-24,47.28,0,0,0.07213474335400338
2017-03-31,49.14,0,0,0.02051999783430679
2017-04-07,51.26,0,0,0.06561389126552568
2017-04-14,53.19,0,0,0.228612956887128
2017-04-21,51.09,0,0,0.06892714415760474
2017-04-28,49.12,0,0,0.13850481772687623
2017-05-05,47.21,0,0,0.0926856055828244
2017-05-12,47.04,0,0,0.13067199713271013
2017-05-19,49.24,0,0,0.16811459668372866
2017-05-26,50.21,0,0,0.27133170059791595
2017-06-02,48.48,0,0,0.13301263084817674
2017-06-09,46.57,0,0,0.12448962475988316
2017-06-16,45.3,0,0,0.03801549086051064
2017-06-23,43.09,0,0,0.02171309152386153
2017-06-30,44.63,0,0,0.009156477027310577
2017-07-07,44.96,0,0,0.017507400025347186
2017-07-14,45.51,0,0,0.02087084116398989
2017-07-21,46.41,0,0,0.01894488297328973
2017-07-28,48.27,0,0,0.19354734154221828
2017-08-04,49.52,0,0,0.2500042138583662
2017-08-11,49.08,0,0,0.3232416578357484
2017-08-18,47.52,0,1,0.6177300813243325
2017-08-25,47.68,0,1,0.602060337453573
2017-09-01,46.68,0,0,0.25285746073283955
2017-09-08,48.58,0,0,0.4192682424401868
2017-09-15,49.07,0,0,0.35027332584081994
2017-09-22,50.12,0,0,0.1955222520132779
2017-09-29,51.77,0,1,0.6293946409812606
2017-10-06,50.23,0,0,0.1502643838642097
2017-10-13,50.77,0,0,0.2633462332842884
2017-10-20,51.74,0,1,0.5041211957258507
2017-10-27,52.51,0,1,0.6177621592492484
2017-11-03,54.59,0,1,0.6142489435027794
2017-11-10,57.05,0,1,0.8644941104120815
2017-11-17,55.81,0,1,0.8574469273949473
2017-11-24,57.47,0,1,0.8564316538216865
2017-12-01,57.81,0,1,0.8481085785006598
2017-12-08,56.92,0,1,0.8192857707077794
2017-12-15,57.17,1,1,0.8546436399623033
2017-12-22,57.87,1,1,0.8720942063612321
2017-12-29,59.88,1,1,0.8920025388830571
2018-01-05,61.36,1,1,0.8912044002271816
2018-01-12,63.26,1,1,0.9005887892757132
2018-01-19,63.77,1,1,0.9011141432428046
2018-01-26,65.14,1,1,0.9137813169470623
2018-02-02,65.32,1,1,0.9287333198501628
2018-02-09,62.01,0,1,0.841546139620543
2018-02-16,60.56,0,1,0.6999558154965599
2018-02-23,62.47,0,1,0.5845523238572672
2018-03-02,62.07,0,0,0.4693557036159663
2018-03-09,61.65,0,0,0.3407124993089885
2018-03-16,61.28,0,0,0.20679028388930137
2018-03-23,64.11,0,1,0.6631363310504667
2018-03-30,64.97,0,0,0.3335694113052863
2018-04-06,63.07,0,0,0.4039094975129012
2018-04-13,66.02,0,1,0.6710930467739082
2018-04-20,67.55,0,1,0.6716058572823558
2018-04-27,67.91,0,1,0.8844358826813674
2018-05-04,68.38,0,1,0.8346101129286764
2018-05-11,70.56,0,1,0.8297329302998313
2018-05-18,71.3,0,1,0.8063545772462138
2018-05-25,70.98,0,1,0.7805884312462749
2018-06-01,66.96,0,1,0.6523227570456087
2018-06-08,65.35,0,1,0.6023517830178279
2018-06-15,66.21,1,0,0.28380976754629
2018-06-22,66.32,1,0,0.08042310092590443
2018-06-29,74.03,1,0,0.3308948150827981
2018-07-06,73.73,1,0,0.3380358149378905
2018-07-13,71.96,1,0,0.30169928163459736
2018-07-20,68.95,1,0,0.1650200298874042
2018-07-27,70.01,0,0,0.13348811455463389
2018-08-03,69.46,0,0,0.13733262288489465
2018-08-10,67.9,0,0,0.24190356215590803
2018-08-17,66.15,0,0,0.1293983015594456
2018-08-24,68.1,0,0,0.10116232431753988
2018-08-31,69.66,0,0,0.038945584599178816
2018-09-07,68.51,0,0,0.02396372532482197
2018-09-14,68.96,0,0,0.15971295579100195
2018-09-21,70.28,1,0,0.41306069895158776
2018-09-28,72.84,1,1,0.6322206652620738
2018-10-05,75.13,1,1,0.7668787619591065
2018-10-12,72.96,1,1,0.6178193356103825
2018-10-19,70.24,1,1,0.5551903871346922
2018-10-26,67.43,0,0,0.24742336871943613
2018-11-02,65.06,0,0,0.15729589272885447
2018-11-09,61.57,0,0,0.09594403029361769
2018-11-16,56.92,0,0,0.02201082772655266
2018-11-23,54.99,0,0,0.018939398992415826
2018-11-30,51.01,0,0,0.00994172932550175
2018-12-07,52.63,0,0,0.017345411179196468
2018-12-14,51.54,0,0,0.0051083650103893995
2018-12-21,46.98,0,0,0.007294379223856108
2018-12-28,45.22,0,0,0.007294379223856108
2019-01-04,47.0,0,0,0.00499343042884589
2019-01-11,50.78,0,0,0.006944889968478191
2019-01-18,51.92,0,0,0.017716361789048476
2019-01-25,52.88,0,0,0.24427353398172014
2019-02-01,53.63,0,0,0.48579481555022636
2019-02-08,53.53,0,0,0.4278075792902509
2019-02-15,53.88,0,1,0.530550787890627
2019-02-22,56.74,0,1,0.5509600217609429
2019-03-01,56.12,0,0,0.4773441214713278
2019-03-08,56.35,0,0,0.44799471691630943
2019-03-15,57.81,0,0,0.4970752850578829
2019-03-22,59.44,0,0,0.3596533069132585
2019-03-29,59.49,1,0,0.3444166070620012
2019-04-05,62.36,1,1,0.6422612929647522
2019-04-12,64.1,1,1,0.6448122828428117
2019-04-19,63.8,1,1,0.6198617422208081
2019-04-26,65.28,1,1,0.7695636210790867
2019-05-03,62.9,1,1,0.5714616908920551
2019-05-10,61.81,1,1,0.6466261799634218
2019-05-17,62.1,0,0,0.3382561488860493
2019-05-24,60.72,0,0,0.3231151925660012
2019-05-31,56.93,0,0,0.11985223457675742
2019-06-07,52.97,0,0,0.06444902708605672
2019-06-14,52.52,0,0,0.06761111331482644
2019-06-21,54.75,0,0,0.039560462003445485
2019-06-28,58.38,0,0,0.17008939696253003
2019-07-05,57.32,0,0,0.10116426416668238
2019-07-12,59.02,0,0,0.43902778272129717
2019-07-19,56.74,0,0,0.2274163168810655
2019-07-26,56.05,0,0,0.23991092083711474
2019-08-02,56.55,1,1,0.5317546972641024
2019-08-09,53.28,0,1,0.7161100871499098
2019-08-16,55.31,0,1,0.8190449192752726
2019-08-23,55.5,0,0,0.45067761245371873
2019-08-30,55.21,0,0,0.26479748903644656
2019-09-06,55.73,1,1,0.5936826432535599
2019-09-13,56.16,1,1,0.507169296822118
2019-09-20,59.33,1,1,0.8049059810914221
2019-09-27,56.9,1,0,0.4005297673768938
2019-10-04,53.12,1,0,0.11174127311895397
